Workbook

Sheet 요약
A1: [수입] | E1: (만원)
B2: ='수입&예산'!K3 -> 수입(계) | C2: ='수입&예산'!L3 -> Tiss | D2: ='수입&예산'!M3 -> JM | E2: ='수입&예산'!N3 -> 총합
B3: ='수입&예산'!K4 -> 월간 수입 | C3: ='수입&예산'!L4 -> 559.8199 | D3: ='수입&예산'!M4 -> 0 | E3: ='수입&예산'!N4 -> 559.8199
B4: ='수입&예산'!K5 -> 연간 수입 | C4: ='수입&예산'!L5 -> 2206 | D4: ='수입&예산'!M5 -> 0 | E4: ='수입&예산'!N5 -> 2206
B5: ='수입&예산'!K6 -> 연 총 수입 | C5: ='수입&예산'!L6 -> 8923.8388 | D5: ='수입&예산'!M6 -> 0 | E5: ='수입&예산'!N6 -> 8923.8388
A7: [예산] | F7: (만원)
B8: ='수입&예산'!K14 -> 예산(대분류별) | C8: ='수입&예산'!L14 -> 공동 | D8: ='수입&예산'!M14 -> Tiss | E8: ='수입&예산'!N14 -> JM | F8: ='수입&예산'!O14 -> 총합
B9: ='수입&예산'!K15 -> 고정비 | C9: ='수입&예산'!L15 -> 50.4 | D9: ='수입&예산'!M15 -> 64.1 | E9: ='수입&예산'!N15 -> 8 | F9: ='수입&예산'!O15 -> 122.5
B10: ='수입&예산'!K16 -> 주거 | C10: ='수입&예산'!L16 -> 0 | D10: ='수입&예산'!M16 -> 0 | E10: ='수입&예산'!N16 -> 0 | F10: ='수입&예산'!O16 -> 0
B11: ='수입&예산'!K17 -> 용돈 | C11: ='수입&예산'!L17 -> 0 | D11: ='수입&예산'!M17 -> 0 | E11: ='수입&예산'!N17 -> 0 | F11: ='수입&예산'!O17 -> 0
B12: ='수입&예산'!K18 -> 생활비 | C12: ='수입&예산'!L18 -> 35 | D12: ='수입&예산'!M18 -> 0 | E12: ='수입&예산'!N18 -> 0 | F12: ='수입&예산'!O18 -> 35
B13: ='수입&예산'!K19 -> 세금 | C13: ='수입&예산'!L19 -> 61.3 | D13: ='수입&예산'!M19 -> 0 | E13: ='수입&예산'!N19 -> 0 | F13: ='수입&예산'!O19 -> 61.3
B14: ='수입&예산'!K20 -> 기타 | C14: ='수입&예산'!L20 -> 35 | D14: ='수입&예산'!M20 -> 0 | E14: ='수입&예산'!N20 -> 0 | F14: ='수입&예산'!O20 -> 35
F16: (만원)
B17: ='수입&예산'!K26 -> 예산(대출/저축) | C17: ='수입&예산'!L26 -> 공동 | D17: ='수입&예산'!M26 -> Tiss | E17: ='수입&예산'!N26 -> JM | F17: ='수입&예산'!O26 -> 총합
B18: ='수입&예산'!K27 -> 대출상환 | C18: ='수입&예산'!L27 -> 90 | D18: ='수입&예산'!M27 -> 0 | E18: ='수입&예산'!N27 -> 0 | F18: ='수입&예산'!O27 -> 90
B19: ='수입&예산'!K28 -> 저축 | C19: ='수입&예산'!L28 -> 0 | D19: ='수입&예산'!M28 -> 0 | E19: ='수입&예산'!N28 -> 0 | F19: ='수입&예산'!O28 -> 0
F21: (만원)
B22: ='수입&예산'!K30 -> 예산(계) | C22: ='수입&예산'!L30 -> 공동 | D22: ='수입&예산'!M30 -> Tiss | E22: ='수입&예산'!N30 -> JM | F22: ='수입&예산'!O30 -> 총합
B23: ='수입&예산'!K31 -> 월간 예산(소비) | C23: ='수입&예산'!L31 -> 120.4 | D23: ='수입&예산'!M31 -> 64.1 | E23: ='수입&예산'!N31 -> 8 | F23: ='수입&예산'!O31 -> 192.5
B24: ='수입&예산'!K32 -> 월간 예산(전체) | C24: ='수입&예산'!L32 -> 210.4 | D24: ='수입&예산'!M32 -> 64.1 | E24: ='수입&예산'!N32 -> 8 | F24: ='수입&예산'!O32 -> 282.5
B25: ='수입&예산'!K33 -> 연간 예산(소비) | C25: ='수입&예산'!L33 -> 61.3 | D25: ='수입&예산'!M33 -> 0 | E25: ='수입&예산'!N33 -> 0 | F25: ='수입&예산'!O33 -> 61.3
B26: ='수입&예산'!K34 -> 연 총 예산(전체) | C26: ='수입&예산'!L34 -> 61.3 | D26: ='수입&예산'!M34 -> 0 | E26: ='수입&예산'!N34 -> 0 | F26: ='수입&예산'!O34 -> 61.3
B27: ='수입&예산'!K35 -> 총계(소비) | C27: ='수입&예산'!L35 -> 1506.1 | D27: ='수입&예산'!M35 -> 769.2 | E27: ='수입&예산'!N35 -> 96 | F27: ='수입&예산'!O35 -> 2371.3
B28: ='수입&예산'!K36 -> 총계(전체) | C28: ='수입&예산'!L36 -> 2586.1 | D28: ='수입&예산'!M36 -> 769.2 | E28: ='수입&예산'!N36 -> 96 | F28: ='수입&예산'!O36 -> 3451.3
A30: [저축] | C30: (만원)
B31: ='수입&예산'!K38 -> 저축(계) | C31: ='수입&예산'!L38 -> 금액 | E31: 기준 | F31: 월 | G31: 연
B32: ='수입&예산'!K39 -> 월 순수 저축액 | C32: ='수입&예산'!L39 -> 277.3199 | E32: 0.6 | F32: =$E$3*E32 -> 335.89194 | G32: =$E$5*E32 -> 5354.3033
B33: ='수입&예산'!K40 -> 월 대출상환+저축액 | C33: ='수입&예산'!L40 -> 367.3199 | E33: 0.65 | F33: =$E$3*E33 -> 363.88293 | G33: =$E$5*E33 -> 5800.4952
B34: ='수입&예산'!K41 -> 연 순수 저축액 | C34: ='수입&예산'!L41 -> 5472.5388 | E34: 0.7 | F34: =$E$3*E34 -> 391.87393 | G34: =$E$5*E34 -> 6246.6872
B35: ='수입&예산'!K42 -> 연 대출상환+저축액 | C35: ='수입&예산'!L42 -> 6552.5388 | E35: 0.75 | F35: =$E$3*E35 -> 419.86492 | G35: =$E$5*E35 -> 6692.8791

Sheet 수입&예산
A1: [수입]
A2: [2025] | I2: (만원) | N2: (만원)
A3: 수입 | B3: 비고 | C3: Tiss | D3: 주기 | E3: 대상월 | F3: JM | G3: 주기 | H3: 대상월 | I3: 총합 | K3: 수입(계) | L3: Tiss | M3: JM | N3: 총합
A4: 월급 | C4: 554.3 | D4: M | E4: N/A | G4: M | H4: N/A | I4: =IF(D4="M",C4*12,C4)+IF(G4="M",F4*12,F4) -> 6651.6 | K4: 월간 수입 | L4: =SUMIF(D$4:D$12,"M",C$4:C$12) -> 559.8199 | M4: =SUMIF(G$4:G$12,"M",F$4:F$12) -> 0 | N4: =SUM(L4:M4) -> 559.8199
A5: 기타 상여금 | B5: 통신지원금 | C5: 5.5199 | D5: M | E5: N/A | G5: N/A | H5: N/A | I5: =IF(D5="M",C5*12,C5)+IF(G5="M",F5*12,F5) -> 66.2388 | K5: 연간 수입 | L5: =SUMIF(D$4:D$12,"Y",C$4:C$12) -> 2206 | M5: =SUMIF(E$4:E$12,"Y",D$4:D$12) -> 0 | N5: =SUM(L5:M5) -> 2206
A6: 기타 상여금 | B6: 인센티브 | C6: =ROUNDDOWN(C4*12*0.29272,0) -> 1947 | D6: Y | E6: 202501 | I6: =IF(D6="M",C6*12,C6)+IF(G6="M",F6*12,F6) -> 1947 | K6: 연 총 수입 | L6: =L4*12+L5 -> 8923.8388 | M6: =M4*12+M5 -> 0 | N6: =SUM(L6:M6) -> 8923.8388
A7: 기타 상여금 | B7: 명절-설 | C7: =110*0.7 -> 77 | D7: Y | E7: 2025 | I7: =IF(D7="M",C7*12,C7)+IF(G7="M",F7*12,F7) -> 77
A8: 기타 상여금 | B8: 명절-추석 | C8: =110*0.7 -> 77 | D8: Y | E8: 202510 | I8: =IF(D8="M",C8*12,C8)+IF(G8="M",F8*12,F8) -> 77
A9: 기타 상여금 | B9: 하계휴가비 | C9: =50*0.7 -> 35 | D9: Y | E9: 202507 | I9: =IF(D9="M",C9*12,C9)+IF(G9="M",F9*12,F9) -> 35
A10: 복지포인트 | C10: =100*0.7 -> 70 | D10: Y | E10: 202501 | I10: =IF(D10="M",C10*12,C10)+IF(G10="M",F10*12,F10) -> 70
A11: 기타 | I11: =IF(D11="M",C11*12,C11)+IF(G11="M",F11*12,F11) -> 0
A13: 예산(소비)
A14: 대분류 | B14: 중분류 | C14: 공동 | D14: Tiss | E14: JM | F14: 주기 | G14: 합계 | H14: 납부월 | I14: 비고 | K14: 예산(대분류별) | L14: 공동 | M14: Tiss | N14: JM | O14: 총합
A15: 고정비 | B15: 휴대폰/인터넷 | D15: 4.4 | F15: M | G15: =SUM(C15:E15) -> 4.4 | I15: JM(2.8) | K15: 고정비 | L15: =SUMIF($A$15:$A$27,$K15,C$15:C$27) -> 50.4 | M15: =SUMIF($A$15:$A$27,$K15,D$15:D$27) -> 64.1 | N15: =SUMIF($A$15:$A$27,$K15,E$15:E$27) -> 8 | O15: =SUM(L15:N15) -> 122.5
A16: 고정비 | B16: 보험/연금 | D16: =23.1+1.5 -> 24.6 | F16: M | G16: =SUM(C16:E16) -> 24.6 | I16: 삼성생명+삼성화재 / 동양생명(8.6)+국민연금(10)+건강보험(?) | K16: 주거 | L16: =SUMIF($A$15:$A$27,$K16,C$15:C$27) -> 0 | M16: =SUMIF($A$15:$A$27,$K16,D$15:D$27) -> 0 | N16: =SUMIF($A$15:$A$27,$K16,E$15:E$27) -> 0 | O16: =SUM(L16:N16) -> 0
A17: 고정비 | B17: 부모님 | D17: =10+7.1 -> 17.1 | F17: M | G17: =SUM(C17:E17) -> 17.1 | I17: 공용+현대해상화재보험 | K17: 용돈 | L17: =SUMIF($A$15:$A$27,$K17,C$15:C$27) -> 0 | M17: =SUMIF($A$15:$A$27,$K17,D$15:D$27) -> 0 | N17: =SUMIF($A$15:$A$27,$K17,E$15:E$27) -> 0 | O17: =SUM(L17:N17) -> 0
A18: 고정비 | B18: 기흥모임 | C18: 13 | F18: M | G18: =SUM(C18:E18) -> 13 | K18: 생활비 | L18: =SUMIF($A$15:$A$27,$K18,C$15:C$27) -> 35 | M18: =SUMIF($A$15:$A$27,$K18,D$15:D$27) -> 0 | N18: =SUMIF($A$15:$A$27,$K18,E$15:E$27) -> 0 | O18: =SUM(L18:N18) -> 35
A19: 고정비 | B19: 교통비 | D19: 8 | E19: 8 | F19: M | G19: =SUM(C19:E19) -> 16 | K19: 세금 | L19: =SUMIF($A$15:$A$27,$K19,C$15:C$27) -> 61.3 | M19: =SUMIF($A$15:$A$27,$K19,D$15:D$27) -> 0 | N19: =SUMIF($A$15:$A$27,$K19,E$15:E$27) -> 0 | O19: =SUM(L19:N19) -> 61.3
A20: 고정비 | B20: 구독형서비스 | C20: =2.2+1.4+0.8 -> 4.4 | F20: M | G20: =SUM(C20:E20) -> 4.4 | I20: 인터넷+정수기+쿠팡 | K20: 기타 | L20: =SUMIF($A$15:$A$27,$K20,C$15:C$27) -> 35 | M20: =SUMIF($A$15:$A$27,$K20,D$15:D$27) -> 0 | N20: =SUMIF($A$15:$A$27,$K20,E$15:E$27) -> 0 | O20: =SUM(L20:N20) -> 35
A21: 고정비 | B21: 용돈 | D21: 10 | F21: M | G21: =SUM(C21:E21) -> 10 | I21: JM(8.5)
A22: 고정비 | B22: 아파트관리비 | C22: 33 | F22: M | G22: =SUM(C22:E22) -> 33
A23: 생활비 | C23: 35 | F23: M | G23: =SUM(C23:E23) -> 35
A24: 세금 | B24: 재산세(주택) | C24: 30 | F24: Y | G24: =SUM(C24:E24) -> 30 | H24: 202207
A25: 세금 | B25: 재산세(주택) | C25: 30 | F25: Y | G25: =SUM(C25:E25) -> 30 | H25: 202209
A26: 세금 | B26: 주민세 | C26: 1.3 | F26: Y | G26: =SUM(C26:E26) -> 1.3 | H26: 202208 | K26: 예산(대출/저축) | L26: 공동 | M26: Tiss | N26: JM | O26: 총합
A27: 기타 | C27: 35 | F27: M | G27: =SUM(C27:E27) -> 35 | K27: 대출상환 | L27: =SUMIF($A$31:$A$32,$K27,C$31:C$32) -> 90 | M27: =SUMIF($A$15:$A$27,$K27,D$15:D$27) -> 0 | N27: =SUMIF($A$15:$A$27,$K27,E$15:E$27) -> 0 | O27: =SUM(L27:N27) -> 90
K28: 저축 | L28: =SUMIF($A$31:$A$32,$K28,C$31:C$32) -> 0 | M28: =SUMIF($A$15:$A$27,$K28,D$15:D$27) -> 0 | N28: =SUMIF($A$15:$A$27,$K28,E$15:E$27) -> 0 | O28: =SUM(L28:N28) -> 0
A29: 예산(대출/저축)
A30: 대분류 | B30: 중분류 | C30: 공동 | D30: Tiss | E30: JM | F30: 주기 | K30: 예산(계) | L30: 공동 | M30: Tiss | N30: JM | O30: 총합
A31: 대출상환 | B31: 디딤돌 | C31: 90 | F31: M | K31: 월간 예산(소비) | L31: =SUMIF($F$15:$F$27,"M",C$15:C$27) -> 120.4 | M31: =SUMIF($F$15:$F$27,"M",D$15:D$27) -> 64.1 | N31: =SUMIF($F$15:$F$27,"M",E$15:E$27) -> 8 | O31: =SUM(L31:N31) -> 192.5
A32: 저축 | B32: 저축 | F32: M | K32: 월간 예산(전체) | L32: =SUMIF($F$15:$F$32,"M",C$15:C$32) -> 210.4 | M32: =SUMIF($F$15:$F$33,"M",D$15:D$33) -> 64.1 | N32: =SUMIF($F$15:$F$33,"M",E$15:E$33) -> 8 | O32: =SUM(L32:N32) -> 282.5
K33: 연간 예산(소비) | L33: =SUMIF($F$15:$F$27,"Y",C$15:C$27) -> 61.3 | M33: =SUMIF($F$15:$F$27,"Y",D$15:D$27) -> 0 | N33: =SUMIF($F$15:$F$27,"Y",E$15:E$27) -> 0 | O33: =SUM(L33:N33) -> 61.3
K34: 연 총 예산(전체) | L34: =SUMIF($F$15:$F$32,"Y",C$15:C$32) -> 61.3 | M34: =SUMIF($F$15:$F$32,"Y",D$15:D$32) -> 0 | N34: =SUMIF($F$15:$F$32,"Y",E$15:E$32) -> 0 | O34: =SUM(L34:N34) -> 61.3
K35: 총계(소비) | L35: =L31*12+L33 -> 1506.1 | M35: =M31*12+M33 -> 769.2 | N35: =N31*12+N33 -> 96 | O35: =O31*12+O33 -> 2371.3
K36: 총계(전체) | L36: =L32*12+L34 -> 2586.1 | M36: =M32*12+M34 -> 769.2 | N36: =N32*12+N34 -> 96 | O36: =SUM(L36:N36) -> 3451.3
K38: 저축(계) | L38: 금액
K39: 월 순수 저축액 | L39: =N4-O32 -> 277.3199
K40: 월 대출상환+저축액 | L40: =N4-O31 -> 367.3199
K41: 연 순수 저축액 | L41: =N6-O36 -> 5472.5388
K42: 연 대출상환+저축액 | L42: ='수입&예산'!N6-O35 -> 6552.5388

Sheet 대출
A2: No. | B2: 상환예정일자 | D2: 상환예정금액 | E2: 상환예정금액 | F2: 상환예정금액 | G2: 상환예정금액 | H2: 구간별 이자계산일자 | I2: 구간별 이자계산일자
A3: No. | B3: 상환월 | C3: 영업일자 | D3: 원리금 | E3: 원금 | F3: 이자 | G3: 상환 후 잔액 | H3: 시작일자 | I3: 종료일자
A4: 1 | B4: 201808 | C4: 2018-08-27 | D4: 1282130 | E4: 555555 | F4: 726575 | G4: 199444445 | H4: 2018-07-04 | I4: 2018-08-24
A5: 2 | B5: 201809 | C5: 2018-09-27 | D5: 987502 | E5: 555555 | F5: 431947 | G5: 198888890 | H5: 2018-08-25 | I5: 2018-09-24
A6: 3 | B6: 201810 | C6: 2018-10-25 | D6: 972404 | E6: 555555 | F6: 416849 | G6: 198333335 | H6: 2018-09-25 | I6: 2018-10-24
A7: 4 | B7: 201811 | C7: 2018-11-26 | D7: 985096 | E7: 555555 | F7: 429541 | G7: 197777780 | H7: 2018-10-25 | I7: 2018-11-24
A8: 5 | B8: 201812 | C8: 2018-12-26 | D8: 970075 | E8: 555555 | F8: 414520 | G8: 197222225 | H8: 2018-11-25 | I8: 2018-12-24
A9: 6 | B9: 201901 | C9: 2019-01-25 | D9: 982689 | E9: 555555 | F9: 427134 | G9: 196666670 | H9: 2018-12-25 | I9: 2019-01-24
A10: 7 | B10: 201902 | C10: 2019-02-25 | D10: 981486 | E10: 555555 | F10: 425931 | G10: 196111115 | H10: 2019-01-25 | I10: 2019-02-24
A11: 8 | B11: 201903 | C11: 2019-03-25 | D11: 939180 | E11: 555555 | F11: 383625 | G11: 195555560 | H11: 2019-02-25 | I11: 2019-03-24
A12: 9 | B12: 201904 | C12: 2019-04-25 | D12: 979080 | E12: 555555 | F12: 423525 | G12: 195000005 | H12: 2019-03-25 | I12: 2019-04-24
A13: 10 | B13: 201905 | C13: 2019-05-27 | D13: 964253 | E13: 555555 | F13: 408698 | G13: 194444450 | H13: 2019-04-25 | I13: 2019-05-24
A14: 11 | B14: 201906 | C14: 2019-06-25 | D14: 976673 | E14: 555555 | F14: 421118 | G14: 193888895 | H14: 2019-05-25 | I14: 2019-06-24
A15: 12 | B15: 201907 | C15: 2019-07-25 | D15: 961924 | E15: 555555 | F15: 406369 | G15: 193333340 | H15: 2019-06-25 | I15: 2019-07-24
... A363: 360 | B363: 204807 | C363: 2048-07-06 | D363: 556180 | E363: 555755 | F363: 425 | G363: 0 | H363: 2048-06-25 | I363: 2048-07-05

Sheet 자금전체
C2: Min | D2: Max
A3: 자산 | B3: 부동산 | C3: 900000000 | D3: 950000000
B4: 계좌 | C4: =26000000+6000000+1960000 -> 33960000 | D4: =26000000+6000000+1960000 -> 33960000
B5: 현금 | C5: 22000000 | D5: 22000000 | E5: +@
B6: 주식 | C6: 76000000 | D6: 77000000
B7: 주식계좌 | C7: 45000000 | D7: 45000000
B8: 코인 | C8: 4500000 | D8: 4800000
B9: 연차+성과급 | C9: =6000000+21000000 -> 27000000 | D9: =7000000+23000000 -> 30000000
B10: 퇴직금 | C10: 0 | D10: =90000000*0.69 -> 62100000
C11: =SUM(C3:C10) -> 1108460000 | D11: =SUM(D3:D10) -> 1224860000
A13: 마이너스 | B13: 대출금 | C13: -151111160 | D13: -150000000
B14: 압정 | C14: -2896000 | D14: -3000000
C15: =SUM(C13:C14) -> -154007160 | D15: =SUM(D13:D14) -> -153000000
C17: =SUM(C15,C11) -> 954452840 | D17: =SUM(D15,D11) -> 1071860000
B19: 이사갈집 | C19: 1300000000 | D19: 1450000000
A21: 필요금액 | B21: 복비(팔때) | C21: =(C3*0.005)*-1.1 -> -4950000 | D21: =(D3*0.005)*-1.1 -> -5225000
B22: 복비(살때) | C22: =(C19*0.006)*-1.1 -> -8580000 | D22: =(D19*0.006)*-1.1 -> -9570000
B23: 취득세 | C23: =-(C19*0.03+C19*0.003) -> -42900000 | D23: =-(D19*0.03+D19*0.003) -> -47850000
B24: 이사비용 | C24: -2000000 | D24: -2500000
B25: +가전
B26: +인테리어
C27: =SUM(C21:C26) -> -58430000 | D27: =SUM(D21:D26) -> -65145000
A29: 대출필요 | C29: =SUM(C17-C19+C27) -> -403977160 | D29: =SUM(D17-D19+D27) -> -443285000
A30: 원리금균등 | C30: =ROUNDUP(C29,-7) -> -410000000 | D30: =ROUNDUP(D29,-7) -> -450000000
B31: 3.9 | C31: 2122507 | D31: 2311174
B32: 4.5 | C32: 2280084 | D32: 2482758
B38: 퇴직급계산 | C38: 지급일수*일평균급여 | E38: 41277 | F38: 46053
B39: 지급일수 | C39: 근속일수*30/365 | E39: =F38-E38 -> 4776 | F39: =E39*30/365 -> 392.54795
B40: 일평균급여 | C40: 퇴직발생전 3개월간 받음 임금의 총액 / 그 기간의 총일수
C41: =(7125000*2+7125000*1.1)/92 -> 240081.52
C42: =C41*F39 -> 94243508
C43: =C42*0.69 -> 65028021

Sheet 이사
A1: [팔집] | B1: min | D1: [살집] | E1: min | G1: -> 보관 X | K1: me
A2: 매도 | B2: =SUM(B3:B13) -> 929857500 | D2: 매수 | E2: =SUM(E3:E13) -> -1452642000 | G2: 이사 | H2: =SUM(H3:H15) -> -4450000 | J2: 자본 | K2: =SUM(K3:K15) -> 573591460 | M2: =SUM(K2,H2,E2,B2) -> 46356960
A3: 금액 | B3: 935000000 | D3: 금액 | E3: -1395000000 | G3: 이사비용 | H3: =-4000000 -> -4000000 | J3: 대출(신) | K3: 470000000
A4: 중계수수료 | B4: =(B3*0.005)*-1.1 -> -5142500 | D4: 중계수수료 | E4: =(E3*0.006)*1.1 -> -9207000 | G4: 엘리베이터 사용료 | H4: =-100000-100000 -> -200000 | J4: 대출(구) | K4: -150000000
A5: 식세기 복구비 | B5: 0 | D5: 취득세 | E5: =(E3*0.033) -> -46035000 | G5: 보관비 | H5: 0 | J5: 계좌(KB) | K5: =8300000-1450000 -> 6850000
A6: 인덕션 복구비 | B6: 0 | D6: 입주청소 | E6: -400000 | G6: 식세기 이전 | H6: 0 | J6: 계좌(토스) | K6: 28150000
D7: 도배 | E7: -2000000 | G7: 인덕션 이전 | H7: -200000 | J7: 계좌(삼증) | K7: 46790000
A8: 에어컨 판매 | B8: 0 | D8: 신규가전 | E8: 0 | G8: 정수기 이전 | H8: -50000 | J8: 주식 | K8: 81930000
A9: 인덕션 판매 | B9: 0 | G9: 에어컨 이전 | H9: 0 | J9: 코인 | K9: 3640000
A10: 식세기 판매 | B10: 0 | G10: 중문 | J10: 상여금 | K10: 22000000
J11: 퇴직금 | K11: 62000000 | L11: ~6500
J12: 휴가비 | K12: =24500*1.1*8*0.69*L12 -> 2231460 | L12: 15
G16: 이사 | H16: =SUM(H17:H29) -> -5980000
G17: 이사비용 | H17: =-2500000*2 -> -5000000
G18: 엘리베이터 사용료 | H18: =-100000-200000 -> -300000
G19: 보관비 | H19: =-100000*2 -> -200000
G20: 식세기 설치 | H20: =-130000-100000 -> -230000 | I20: ?
G21: 인덕션 설치 | H21: -200000 | I21: ?
G22: 정수기 설치 | H22: -50000 | I22: ?
G23: 에어컨 이전 | H23: (이사비용 포함)

Sheet 자금흐름
B1: 46026 | E1: 시작 | G1: 46027 | J1: 해외 예수금 | L1: 46030 | O1: 주식정리 | Q1: 46036 | T1: 중간계산 | V1: 46045 | Y1: 계약일 | AA1: 46046 | AD1: 중간계산 | AF1: 46050 | AI1: 중간계산 | AK1: 46081 | AN1: 중간계산
B2: 잔고 | C2: 지출 | D2: 총계 | E2: 비고 | G2: 잔고 | H2: 지출 | I2: 총계 | J2: 비고 | L2: 잔고 | M2: 지출 | N2: 총계 | O2: 비고 | Q2: 잔고 | R2: 지출/예정 | S2: 총계 | T2: 비고 | V2: 잔고 | W2: 지출 | X2: 총계 | Y2: 비고 | AA2: 잔고 | AB2: 예정 | AC2: 총계 | AD2: 비고 | AF2: 잔고 | AG2: 예정 | AH2: 총계 | AI2: 비고 | AK2: 잔고 | AL2: 예정 | AM2: 총계 | AN2: 비고
A3: [자본] | B3: =SUM(B4:B12) -> 242261557 | D3: =SUM(D4:D12) -> 242261557 | G3: =SUM(G4:G12) -> 141261557 | I3: =SUM(I4:I12) -> 141261557 | L3: =SUM(L4:L12) -> 141261557 | N3: =SUM(N4:N12) -> 141261557 | Q3: =SUM(Q4:Q12) -> 134340000 | R3: =SUM(R4:R38) -> -399672000 | S3: =SUM(Q3:R3) -> -265332000 | V3: =SUM(V4:V12) -> 130186580 | X3: =SUM(X4:X12) -> 11479580 | AA3: =SUM(AA4:AA51) -> 148130000 | AB3: =SUM(AB4:AB51) -> -152706999 | AC3: =SUM(AA3:AB3) -> -4576999 | AF3: =SUM(AF4:AF51) -> 18140000 | AG3: =SUM(AG4:AG51) -> -22888049 | AH3: =SUM(AF3:AG3) -> -4748049 | AK3: =SUM(AK4:AK51) -> 203980000 | AL3: =SUM(AL4:AL51) -> -192838050 | AM3: =SUM(AK3:AL3) -> 11141950
A4: 계좌(KB) | B4: 44509445 | D4: =SUM(B4:C4) -> 44509445 | G4: 44509445 | H4: =H6*-1 -> 10677135 | I4: =SUM(G4:H4) -> 55186580 | J4: 해외 예수금 이체 | L4: =44509445+10677135 -> 55186580 | M4: =M7*-1 -> 75000000 | N4: =SUM(L4:M4) -> 130186580 | O4: 주식 정리(완) | Q4: 117340000 | S4: =SUM(Q4:R4) -> 117340000 | T4: 계약금+중계수수료 | V4: =N4 -> 130186580 | W4: =SUM(W24,W25) -> -118707000 | X4: =SUM(V4:W4) -> 11479580 | Y4: 계약금+중계수수료 | AA4: 148130000 | AB4: 0 | AC4: =SUM(AA4:AB4) -> 148130000 | AF4: 18140000 | AG4: -4000000 | AH4: =SUM(AF4:AG4) -> 14140000 | AK4: 33980000 | AL4: -4000000 | AM4: =SUM(AK4:AL4) -> 29980000
A5: 계좌(토스) | B5: 0 | D5: =SUM(B5:C5) -> 0 | G5: 0 | I5: =SUM(G5:H5) -> 0 | L5: 0 | N5: =SUM(L5:M5) -> 0 | Q5: 0 | S5: =SUM(Q5:R5) -> 0 | V5: 0 | X5: =SUM(V5:W5) -> 0 | AA5: 0 | AB5: 0 | AC5: =SUM(AA5:AB5) -> 0 | AF5: 0 | AG5: 0 | AH5: =SUM(AF5:AG5) -> 0 | AK5: 170000000 | AL5: 0 | AM5: =SUM(AK5:AL5) -> 170000000
A6: 계좌(삼증) | B6: =10581150+95985 -> 10677135 | D6: =SUM(B6:C6) -> 10677135 | E6: 해외 달러 | G6: =10581150+95985 -> 10677135 | H6: =G6*-1 -> -10677135 | I6: =SUM(G6:H6) -> 0 | L6: 0 | N6: =SUM(L6:M6) -> 0 | Q6: 0 | S6: =SUM(Q6:R6) -> 0 | V6: 0 | X6: =SUM(V6:W6) -> 0 | AA6: 0 | AB6: 0 | AC6: =SUM(AA6:AB6) -> 0 | AF6: 0 | AG6: 0 | AH6: =SUM(AF6:AG6) -> 0 | AK6: 0 | AL6: 0 | AM6: =SUM(AK6:AL6) -> 0
A7: 주식 | B7: 82310744 | D7: =SUM(B7:C7) -> 82310744 | G7: 82310744 | I7: =SUM(G7:H7) -> 82310744 | L7: 82310744 | M7: -75000000 | N7: =SUM(L7:M7) -> 7310744 | Q7: 0 | S7: =SUM(Q7:R7) -> 0 | V7: 0 | X7: =SUM(V7:W7) -> 0 | AA7: 0 | AB7: 0 | AC7: =SUM(AA7:AB7) -> 0 | AF7: 0 | AG7: 0 | AH7: =SUM(AF7:AG7) -> 0 | AK7: 0 | AL7: 0 | AM7: =SUM(AK7:AL7) -> 0
A8: 코인 | B8: 3764233 | D8: =SUM(B8:C8) -> 3764233 | G8: 3764233 | I8: =SUM(G8:H8) -> 3764233 | L8: 3764233 | N8: =SUM(L8:M8) -> 3764233 | Q8: 0 | S8: =SUM(Q8:R8) -> 0 | V8: 0 | X8: =SUM(V8:W8) -> 0 | AA8: 0 | AB8: 0 | AC8: =SUM(AA8:AB8) -> 0 | AF8: 0 | AG8: 0 | AH8: =SUM(AF8:AG8) -> 0 | AK8: 0 | AL8: 0 | AM8: =SUM(AK8:AL8) -> 0
A9: 상여금 | B9: 22000000 | D9: =SUM(B9:C9) -> 22000000 | G9: 0 | I9: =SUM(G9:H9) -> 0 | L9: 0 | N9: =SUM(L9:M9) -> 0 | Q9: 0 | R9: 20000000 | S9: =SUM(Q9:R9) -> 20000000 | V9: 0 | X9: =SUM(V9:W9) -> 0 | AA9: 0 | AB9: 0 | AC9: =SUM(AA9:AB9) -> 0 | AF9: 0 | AG9: 0 | AH9: =SUM(AF9:AG9) -> 0 | AK9: 0 | AL9: 0 | AM9: =SUM(AK9:AL9) -> 0
A10: 퇴직금 | B10: 62000000 | D10: =SUM(B10:C10) -> 62000000 | G10: 0 | I10: =SUM(G10:H10) -> 0 | L10: 0 | N10: =SUM(L10:M10) -> 0 | Q10: 0 | R10: 65000000 | S10: =SUM(Q10:R10) -> 65000000 | V10: 0 | X10: =SUM(V10:W10) -> 0 | AA10: 0 | AB10: 1 | AC10: =SUM(AA10:AB10) -> 1 | AD10: 안부족하면 IRP에 그대로 둘 예정 | AF10: 0 | AG10: 1 | AH10: =SUM(AF10:AG10) -> 1 | AI10: 안부족하면 IRP에 그대로 둘 예정 | AK10: 0 | AL10: 0 | AM10: =SUM(AK10:AL10) -> 0 | AN10: 안부족하면 IRP에 그대로 둘 예정
A11: 현금(Tiss) | B11: =10000000-3000000 -> 7000000 | D11: =SUM(B11:C11) -> 7000000 | G11: 0 | I11: =SUM(G11:H11) -> 0 | L11: 0 | N11: =SUM(L11:M11) -> 0 | Q11: 7000000 | S11: =SUM(Q11:R11) -> 7000000 | V11: 0 | X11: =SUM(V11:W11) -> 0 | AA11: 0 | AB11: -4000000 | AC11: =SUM(AA11:AB11) -> -4000000 | AD11: 경매(임시) | AF11: 0 | AG11: -170000 | AH11: =SUM(AF11:AG11) -> -170000 | AI11: 가스레인지 구입 | AK11: 0 | AL11: -170000 | AM11: =SUM(AK11:AL11) -> -170000 | AN11: 가스레인지 구입
A12: 현금(JM) | B12: 10000000 | D12: =SUM(B12:C12) -> 10000000 | G12: 0 | I12: =SUM(G12:H12) -> 0 | L12: 0 | N12: =SUM(L12:M12) -> 0 | Q12: 10000000 | S12: =SUM(Q12:R12) -> 10000000 | V12: 0 | X12: =SUM(V12:W12) -> 0 | AA12: 0 | AB12: 0 | AC12: =SUM(AA12:AB12) -> 0 | AF12: 0 | AG12: 0 | AH12: =SUM(AF12:AG12) -> 0 | AK12: 0 | AL12: 0 | AM12: =SUM(AK12:AL12) -> 0
A13: [대출]
A14: 대출(신) | B14: 0 | C14: 0 | D14: =SUM(B14:C14) -> 0 | G14: 0 | H14: 0 | I14: =SUM(G14:H14) -> 0 | L14: 0 | M14: 0 | N14: =SUM(L14:M14) -> 0 | Q14: 0 | R14: 0 | S14: =SUM(Q14:R14) -> 0 | V14: 0 | W14: 0 | X14: =SUM(V14:W14) -> 0 | AA14: 0 | AB14: 480000000 | AC14: =SUM(AA14:AB14) -> 480000000 | AF14: 0 | AG14: 480000000 | AH14: =SUM(AF14:AG14) -> 480000000 | AK14: 0 | AL14: 480000000 | AM14: =SUM(AK14:AL14) -> 480000000
A15: 대출(구) | B15: =-150555605 -> -150555605 | C15: 0 | D15: =SUM(B15:C15) -> -150555605 | G15: =-150555605 -> -150555605 | H15: 0 | I15: =SUM(G15:H15) -> -150555605 | L15: =-150555605 -> -150555605 | M15: 0 | N15: =SUM(L15:M15) -> -150555605 | Q15: =-150555605 -> -150555605 | R15: 0 | S15: =SUM(Q15:R15) -> -150555605 | V15: =-150555605 -> -150555605 | W15: 0 | X15: =SUM(V15:W15) -> -150555605 | AA15: 0 | AB15: -150000000 | AC15: =SUM(AA15:AB15) -> -150000000 | AF15: 0 | AG15: -20000050 | AH15: =SUM(AF15:AG15) -> -20000050 | AK15: 0 | AL15: -20000050 | AM15: =SUM(AK15:AL15) -> -20000050
A16: [기센푸]
A17: 계약금 | B17: 0 | C17: 0 | D17: =SUM(B17:C17) -> 0 | G17: 0 | H17: 0 | I17: =SUM(G17:H17) -> 0 | L17: 0 | M17: 0 | N17: =SUM(L17:M17) -> 0 | Q17: 0 | R17: 93000000 | S17: =SUM(Q17:R17) -> 93000000 | V17: 0 | W17: 0 | X17: =SUM(V17:W17) -> 0 | AA17: 0 | AB17: 0 | AC17: =SUM(AA17:AB17) -> 0 | AF17: 0 | AG17: 0 | AH17: =SUM(AF17:AG17) -> 0 | AK17: 0 | AL17: 0 | AM17: =SUM(AK17:AL17) -> 0
A18: 중계수수료 | Q18: 0 | R18: -5115000 | S18: =SUM(Q18:R18) -> -5115000 | AA18: 0 | AB18: -5115000 | AC18: =SUM(AA18:AB18) -> -5115000 | AF18: 0 | AG18: -5142500 | AH18: =SUM(AF18:AG18) -> -5142500 | AK18: 0 | AL18: -5142500 | AM18: =SUM(AK18:AL18) -> -5142500
A19: 중도금 | B19: 0 | C19: 0 | D19: =SUM(B19:C19) -> 0 | G19: 0 | H19: 0 | I19: =SUM(G19:H19) -> 0 | L19: 0 | M19: 0 | N19: =SUM(L19:M19) -> 0 | Q19: 0 | R19: 120000000 | S19: =SUM(Q19:R19) -> 120000000 | V19: 0 | W19: 0 | X19: =SUM(V19:W19) -> 0 | AA19: 0 | AB19: 170000000 | AC19: =SUM(AA19:AB19) -> 170000000 | AF19: 0 | AG19: 170000000 | AH19: =SUM(AF19:AG19) -> 170000000 | AK19: 0 | AL19: 0 | AM19: =SUM(AK19:AL19) -> 0
A20: 잔금 | B20: 0 | C20: 0 | D20: =SUM(B20:C20) -> 0 | G20: 0 | H20: 0 | I20: =SUM(G20:H20) -> 0 | L20: 0 | M20: 0 | N20: =SUM(L20:M20) -> 0 | Q20: 0 | R20: =930000000-R19-R17 -> 717000000 | S20: =SUM(Q20:R20) -> 717000000 | V20: 0 | W20: 0 | X20: =SUM(V20:W20) -> 0 | AA20: 0 | AB20: 671500000 | AC20: =SUM(AA20:AB20) -> 671500000 | AF20: 0 | AG20: 671500000 | AH20: =SUM(AF20:AG20) -> 671500000 | AK20: 0 | AL20: 671500000 | AM20: =SUM(AK20:AL20) -> 671500000
A21: [철클]
A22: 매매약정금 | B22: 0 | C22: -30000000 | D22: =SUM(B22:C22) -> -30000000 | G22: 0 | H22: -30000000 | I22: =SUM(G22:H22) -> -30000000 | L22: 0 | M22: -30000000 | N22: =SUM(L22:M22) -> -30000000 | Q22: 0 | R22: -30000000 | S22: =SUM(Q22:R22) -> -30000000 | V22: 0 | W22: -30000000 | X22: =SUM(V22:W22) -> -30000000 | AA22: 0 | AB22: 0 | AC22: =SUM(AA22:AB22) -> 0 | AF22: 0 | AG22: 0 | AH22: =SUM(AF22:AG22) -> 0 | AK22: 0 | AL22: 0 | AM22: =SUM(AK22:AL22) -> 0
A23: 토허제(법무사) | B23: 0 | C23: -100000 | D23: =SUM(B23:C23) -> -100000 | E23: 계약일 | G23: 0 | H23: -100000 | I23: =SUM(G23:H23) -> -100000 | L23: 0 | M23: -100000 | N23: =SUM(L23:M23) -> -100000 | Q23: 0 | R23: 0 | S23: =SUM(Q23:R23) -> 0 | V23: 0 | W23: -100000 | X23: =SUM(V23:W23) -> -100000 | AA23: 0 | AB23: 0 | AC23: =SUM(AA23:AB23) -> 0 | AF23: 0 | AG23: 0 | AH23: =SUM(AF23:AG23) -> 0 | AK23: 0 | AL23: 0 | AM23: =SUM(AK23:AL23) -> 0
A24: 계약금 | B24: 0 | C24: -109500000 | D24: =SUM(B24:C24) -> -109500000 | E24: 계약일 | G24: 0 | H24: 0 | I24: =SUM(G24:H24) -> 0 | L24: 0 | M24: 0 | N24: =SUM(L24:M24) -> 0 | Q24: 0 | R24: -109500000 | S24: =SUM(Q24:R24) -> -109500000 | V24: 0 | W24: -109500000 | X24: =SUM(V24:W24) -> -109500000 | AA24: 0 | AB24: 0 | AC24: =SUM(AA24:AB24) -> 0 | AF24: 0 | AG24: 0 | AH24: =SUM(AF24:AG24) -> 0 | AK24: 0 | AL24: 0 | AM24: =SUM(AK24:AL24) -> 0
A25: 중계수수료 | B25: 0 | C25: -9207000 | D25: =SUM(B25:C25) -> -9207000 | E25: 계약일 | G25: 0 | H25: 0 | I25: =SUM(G25:H25) -> 0 | L25: 0 | M25: 0 | N25: =SUM(L25:M25) -> 0 | Q25: 0 | R25: -9207000 | S25: =SUM(Q25:R25) -> -9207000 | V25: 0 | W25: -9207000 | X25: =SUM(V25:W25) -> -9207000 | AA25: 0 | AB25: -9207000 | AC25: =SUM(AA25:AB25) -> -9207000 | AF25: 0 | AG25: -9207000 | AH25: =SUM(AF25:AG25) -> -9207000 | AK25: 0 | AL25: -9207000 | AM25: =SUM(AK25:AL25) -> -9207000
A26: 중도금 | B26: 0 | C26: -160500000 | D26: =SUM(B26:C26) -> -160500000 | E26: ~3/4(수) | G26: 0 | H26: 0 | I26: =SUM(G26:H26) -> 0 | L26: 0 | M26: 0 | N26: =SUM(L26:M26) -> 0 | Q26: 0 | R26: =-300000000-R24-R22 -> -160500000 | S26: =SUM(Q26:R26) -> -160500000 | V26: 0 | W26: 0 | X26: =SUM(V26:W26) -> 0 | AA26: 0 | AB26: -160500000 | AC26: =SUM(AA26:AB26) -> -160500000 | AF26: 0 | AG26: -160500000 | AH26: =SUM(AF26:AG26) -> -160500000 | AK26: 0 | AL26: -160500000 | AM26: =SUM(AK26:AL26) -> -160500000
A27: 잔금 | B27: 0 | C27: =-1395000000-SUM(C26,C24) -> -1125000000 | D27: =SUM(B27:C27) -> -1125000000 | E27: ~4/17(금) | G27: 0 | H27: 0 | I27: =SUM(G27:H27) -> 0 | L27: 0 | M27: 0 | N27: =SUM(L27:M27) -> 0 | Q27: 0 | R27: =-1395000000-R26-R24-R22 -> -1095000000 | S27: =SUM(Q27:R27) -> -1095000000 | V27: 0 | W27: 0 | X27: =SUM(V27:W27) -> 0 | AA27: 0 | AB27: -1095000000 | AC27: =SUM(AA27:AB27) -> -1095000000 | AF27: 0 | AG27: -1095000000 | AH27: =SUM(AF27:AG27) -> -1095000000 | AK27: 0 | AL27: -1095000000 | AM27: =SUM(AK27:AL27) -> -1095000000
A28: 등기(법무사) | B28: 0 | C28: -9999 | D28: =SUM(B28:C28) -> -9999 | G28: 0 | H28: 0 | I28: =SUM(G28:H28) -> 0 | L28: 0 | M28: 0 | N28: =SUM(L28:M28) -> 0 | Q28: 0 | R28: 0 | S28: =SUM(Q28:R28) -> 0 | V28: 0 | W28: 0 | X28: =SUM(V28:W28) -> 0 | AA28: 0 | AB28: -1300000 | AC28: =SUM(AA28:AB28) -> -1300000 | AF28: 0 | AG28: -1300000 | AH28: =SUM(AF28:AG28) -> -1300000 | AK28: 0 | AL28: -1300000 | AM28: =SUM(AK28:AL28) -> -1300000
A29: 취등록세 | B29: 0 | C29: -46035000 | D29: =SUM(B29:C29) -> -46035000 | G29: 0 | H29: 0 | I29: =SUM(G29:H29) -> 0 | AA29: 0 | AB29: -46035000 | AC29: =SUM(AA29:AB29) -> -46035000 | AF29: 0 | AG29: -46035000 | AH29: =SUM(AF29:AG29) -> -46035000 | AK29: 0 | AL29: -46035000 | AM29: =SUM(AK29:AL29) -> -46035000
A30: [이사]
A31: 이사비용 | C31: -4000000 | D31: =SUM(B31:C31) -> -4000000 | G31: 0 | H31: 0 | I31: =SUM(G31:H31) -> 0 | L31: 0 | M31: 0 | N31: =SUM(L31:M31) -> 0 | Q31: 0 | R31: -4500000 | S31: =SUM(Q31:R31) -> -4500000 | V31: 0 | W31: 0 | X31: =SUM(V31:W31) -> 0 | AA31: 0 | AB31: -2550000 | AC31: =SUM(AA31:AB31) -> -2550000 | AD31: 280-25 | AF31: 0 | AG31: -2550000 | AH31: =SUM(AF31:AG31) -> -2550000 | AI31: 280-25 | AK31: 0 | AL31: -2550000 | AM31: =SUM(AK31:AL31) -> -2550000 | AN31: 280-25
A32: 입주청소 | C32: -9999 | D32: =SUM(B32:C32) -> -9999 | G32: 0 | H32: 0 | I32: =SUM(G32:H32) -> 0 | L32: 0 | M32: 0 | N32: =SUM(L32:M32) -> 0 | Q32: 0 | R32: -400000 | S32: =SUM(Q32:R32) -> -400000 | V32: 0 | W32: 0 | X32: =SUM(V32:W32) -> 0 | AA32: 0 | AB32: 0 | AC32: =SUM(AA32:AB32) -> 0 | AF32: 0 | AG32: 0 | AH32: =SUM(AF32:AG32) -> 0 | AK32: 0 | AL32: 0 | AM32: =SUM(AK32:AL32) -> 0
A33: 엘베 사용료 | C33: -200000 | D33: =SUM(B33:C33) -> -200000 | G33: 0 | H33: 0 | I33: =SUM(G33:H33) -> 0 | L33: 0 | M33: 0 | N33: =SUM(L33:M33) -> 0 | Q33: 0 | R33: -200000 | S33: =SUM(Q33:R33) -> -200000 | V33: 0 | W33: 0 | X33: =SUM(V33:W33) -> 0 | AA33: 0 | AB33: -200000 | AC33: =SUM(AA33:AB33) -> -200000 | AF33: 0 | AG33: -200000 | AH33: =SUM(AF33:AG33) -> -200000 | AK33: 0 | AL33: -100000 | AM33: =SUM(AK33:AL33) -> -100000 | AN33: 2/19 센푸 엘베 사용료 입금 완료
A34: 인덕션 이전 | C34: -200000 | D34: =SUM(B34:C34) -> -200000 | G34: 0 | H34: 0 | I34: =SUM(G34:H34) -> 0 | L34: 0 | M34: 0 | N34: =SUM(L34:M34) -> 0 | Q34: 0 | R34: -200000 | S34: =SUM(Q34:R34) -> -200000 | V34: 0 | W34: 0 | X34: =SUM(V34:W34) -> 0 | AA34: 0 | AB34: -200000 | AC34: =SUM(AA34:AB34) -> -200000 | AF34: 0 | AG34: -200000 | AH34: =SUM(AF34:AG34) -> -200000 | AK34: 0 | AL34: -200000 | AM34: =SUM(AK34:AL34) -> -200000
A35: 정수기 이전 | C35: -50000 | D35: =SUM(B35:C35) -> -50000 | G35: 0 | H35: 0 | I35: =SUM(G35:H35) -> 0 | L35: 0 | M35: 0 | N35: =SUM(L35:M35) -> 0 | Q35: 0 | R35: -50000 | S35: =SUM(Q35:R35) -> -50000 | V35: 0 | W35: 0 | X35: =SUM(V35:W35) -> 0 | AA35: 0 | AB35: -50000 | AC35: =SUM(AA35:AB35) -> -50000 | AF35: 0 | AG35: -60000 | AH35: =SUM(AF35:AG35) -> -60000 | AK35: 0 | AL35: -60000 | AM35: =SUM(AK35:AL35) -> -60000
A36: 인터넷 이전 | C36: -9999 | D36: =SUM(B36:C36) -> -9999 | G36: 0 | H36: 0 | I36: =SUM(G36:H36) -> 0 | L36: 0 | M36: 0 | N36: =SUM(L36:M36) -> 0 | Q36: 0 | R36: 0 | S36: =SUM(Q36:R36) -> 0 | V36: 0 | W36: 0 | X36: =SUM(V36:W36) -> 0 | AA36: 0 | AB36: -50000 | AC36: =SUM(AA36:AB36) -> -50000 | AF36: 0 | AG36: -23500 | AH36: =SUM(AF36:AG36) -> -23500 | AK36: 0 | AL36: -23500 | AM36: =SUM(AK36:AL36) -> -23500
A37: 도시가스 신청 | AL37: -50000 | AM37: =SUM(AK37:AL37) -> -50000
A38: 가구 배출 | C38: -9999 | D38: =SUM(B38:C38) -> -9999 | G38: 0 | H38: 0 | I38: =SUM(G38:H38) -> 0 | L38: 0 | M38: 0 | N38: =SUM(L38:M38) -> 0 | Q38: 0 | R38: 0 | S38: =SUM(Q38:R38) -> 0 | V38: 0 | W38: 0 | X38: =SUM(V38:W38) -> 0 | AA38: 0 | AB38: 0 | AC38: =SUM(AA38:AB38) -> 0 | AF38: 0 | AG38: 0 | AH38: =SUM(AF38:AG38) -> 0 | AK38: 0 | AL38: 0 | AM38: =SUM(AK38:AL38) -> 0
A39: [구입]
A40: 식탁 | AA40: 0 | AB40: 0 | AC40: =SUM(AA40:AB40) -> 0 | AF40: 0 | AG40: 0 | AH40: =SUM(AF40:AG40) -> 0 | AK40: 0 | AL40: 0 | AM40: =SUM(AK40:AL40) -> 0
A41: 쇼파 | AA41: 0 | AB41: 0 | AC41: =SUM(AA41:AB41) -> 0 | AF41: 0 | AG41: 0 | AH41: =SUM(AF41:AG41) -> 0 | AK41: 0 | AL41: 0 | AM41: =SUM(AK41:AL41) -> 0
AA42: 0 | AB42: 0 | AC42: =SUM(AA42:AB42) -> 0 | AF42: 0 | AG42: 0 | AH42: =SUM(AF42:AG42) -> 0 | AK42: 0 | AL42: 0 | AM42: =SUM(AK42:AL42) -> 0

Sheet 확인리스트(삭제용)
B2: 이사 비용 및 예약
B3: 입주 청소 및 예약
B4: 등기 비용
B5: 특약 추가 할 내용 | C5: O
B6: 법무사 | C6: O
B7: 대출 헬퍼 수수료 및 내용

Sheet 202412
A1: [지출] | I1: 전월 | J1: 202412 | K1: 당월 | L1: 202501 | N1: [소비 총계] | O1: =SUMIF(P3:P233,"지출",T3:T233) -> 0
A2: 대상월 | B2: SN | C2: 대분류 | D2: 중분류 | E2: 예산(기본) | F2: 예산(추가) | G2: 예산(합계) | H2: 전월 소비 | I2: 전월 차액 | J2: 소비 | K2: 예산-소비 | L2: 사용율 | N2: 날짜 | O2: 시간 | P2: 타입 | Q2: 대분류 | R2: 중분류 | S2: 내용 | T2: 금액 | U2: 화폐 | V2: 결제수단 | W2: 메모 | X2: 대상 | Y2: 과소비
A3: =$L$1 -> 202501 | B3: =ROW()-2 -> 1 | C3: 대출상환 | D3: 디딤돌 | E3: =SUMIFS('수입&예산'!$C$15:$C$34,'수입&예산'!$A$15:$A$34,C3,'수입&예산'!$B$15:$B$34,D3)*10000 -> 900000 | F3: 0 | G3: =SUM(E3:F3) -> 900000 | H3: =INDIRECT($J$1&"!J"&ROW()) -> -895849 | I3: =J3-H3 -> 0 | J3: =VLOOKUP(A3,대출!$B$4:$G$363,3,FALSE)*-1 -> -895849 | K3: =G3+J3 -> 4151 | L3: =IF(G3=0,0,-J3/G3) -> 0.99538778
A4: =$L$1 -> 202501 | B4: =ROW()-2 -> 2 | C4: 고정비 | D4: 용돈 | E4: =SUMIFS('수입&예산'!$G$15:$G$27,'수입&예산'!$A$15:$A$27,C4,'수입&예산'!$B$15:$B$27,D4)*10000 -> 100000 | F4: 0 | G4: =SUM(E4:F4) -> 100000 | H4: =INDIRECT($J$1&"!J"&ROW()) -> 0 | I4: =J4-H4 -> 0 | J4: =SUMIFS($T$3:$T$233,$P$3:$P$233,"지출",$Q$3:$Q$233,C4,$R$3:$R$233,D4) -> 0 | K4: =G4+J4 -> 100000 | L4: =IF(G4=0,0,-J4/G4) -> 0
A5: =$L$1 -> 202501 | B5: =ROW()-2 -> 3 | C5: 고정비 | D5: 휴대폰/인터넷 | E5: =SUMIFS('수입&예산'!$G$15:$G$27,'수입&예산'!$A$15:$A$27,C5,'수입&예산'!$B$15:$B$27,D5)*10000 -> 44000 | F5: 0 | G5: =SUM(E5:F5) -> 44000 | H5: =INDIRECT($J$1&"!J"&ROW()) -> 0 | I5: =J5-H5 -> 0 | J5: =SUMIFS($T$3:$T$233,$P$3:$P$233,"지출",$Q$3:$Q$233,C5,$R$3:$R$233,D5) -> 0 | K5: =G5+J5 -> 44000 | L5: =IF(G5=0,0,-J5/G5) -> 0
A6: =$L$1 -> 202501 | B6: =ROW()-2 -> 4 | C6: 고정비 | D6: 아파트관리비 | E6: =SUMIFS('수입&예산'!$G$15:$G$27,'수입&예산'!$A$15:$A$27,C6,'수입&예산'!$B$15:$B$27,D6)*10000 -> 330000 | F6: 0 | G6: =SUM(E6:F6) -> 330000 | H6: =INDIRECT($J$1&"!J"&ROW()) -> 0 | I6: =J6-H6 -> 0 | J6: =SUMIFS($T$3:$T$233,$P$3:$P$233,"지출",$Q$3:$Q$233,C6,$R$3:$R$233,D6) -> 0 | K6: =G6+J6 -> 330000 | L6: =IF(G6=0,0,-J6/G6) -> 0
A7: =$L$1 -> 202501 | B7: =ROW()-2 -> 5 | C7: 고정비 | D7: 기흥모임 | E7: =SUMIFS('수입&예산'!$G$15:$G$27,'수입&예산'!$A$15:$A$27,C7,'수입&예산'!$B$15:$B$27,D7)*10000 -> 130000 | F7: 0 | G7: =SUM(E7:F7) -> 130000 | H7: =INDIRECT($J$1&"!J"&ROW()) -> 0 | I7: =J7-H7 -> 0 | J7: =SUMIFS($T$3:$T$233,$P$3:$P$233,"지출",$Q$3:$Q$233,C7,$R$3:$R$233,D7) -> 0 | K7: =G7+J7 -> 130000 | L7: =IF(G7=0,0,-J7/G7) -> 0
A8: =$L$1 -> 202501 | B8: =ROW()-2 -> 6 | C8: 고정비 | D8: 부모님 | E8: =SUMIFS('수입&예산'!$G$15:$G$27,'수입&예산'!$A$15:$A$27,C8,'수입&예산'!$B$15:$B$27,D8)*10000 -> 171000 | F8: 0 | G8: =SUM(E8:F8) -> 171000 | H8: =INDIRECT($J$1&"!J"&ROW()) -> 0 | I8: =J8-H8 -> 0 | J8: =SUMIFS($T$3:$T$233,$P$3:$P$233,"지출",$Q$3:$Q$233,C8,$R$3:$R$233,D8) -> 0 | K8: =G8+J8 -> 171000 | L8: =IF(G8=0,0,-J8/G8) -> 0
A9: =$L$1 -> 202501 | B9: =ROW()-2 -> 7 | C9: 고정비 | D9: 보험/연금 | E9: =SUMIFS('수입&예산'!$G$15:$G$27,'수입&예산'!$A$15:$A$27,C9,'수입&예산'!$B$15:$B$27,D9)*10000 -> 246000 | F9: 0 | G9: =SUM(E9:F9) -> 246000 | H9: =INDIRECT($J$1&"!J"&ROW()) -> 0 | I9: =J9-H9 -> 0 | J9: =SUMIFS($T$3:$T$233,$P$3:$P$233,"지출",$Q$3:$Q$233,C9,$R$3:$R$233,D9) -> 0 | K9: =G9+J9 -> 246000 | L9: =IF(G9=0,0,-J9/G9) -> 0
A10: =$L$1 -> 202501 | B10: =ROW()-2 -> 8 | C10: 고정비 | D10: 교통비 | E10: =SUMIFS('수입&예산'!$G$15:$G$27,'수입&예산'!$A$15:$A$27,C10,'수입&예산'!$B$15:$B$27,D10)*10000 -> 160000 | F10: 0 | G10: =SUM(E10:F10) -> 160000 | H10: =INDIRECT($J$1&"!J"&ROW()) -> 0 | I10: =J10-H10 -> 0 | J10: =SUMIFS($T$3:$T$233,$P$3:$P$233,"지출",$Q$3:$Q$233,C10,$R$3:$R$233,D10) -> 0 | K10: =G10+J10 -> 160000 | L10: =IF(G10=0,0,-J10/G10) -> 0
A11: =$L$1 -> 202501 | B11: =ROW()-2 -> 9 | C11: 고정비 | D11: 구독형서비스 | E11: =SUMIFS('수입&예산'!$G$15:$G$27,'수입&예산'!$A$15:$A$27,C11,'수입&예산'!$B$15:$B$27,D11)*10000 -> 44000 | F11: 0 | G11: =SUM(E11:F11) -> 44000 | H11: =INDIRECT($J$1&"!J"&ROW()) -> 0 | I11: =J11-H11 -> 0 | J11: =SUMIFS($T$3:$T$233,$P$3:$P$233,"지출",$Q$3:$Q$233,C11,$R$3:$R$233,D11) -> 0 | K11: =G11+J11 -> 44000 | L11: =IF(G11=0,0,-J11/G11) -> 0
A12: =$L$1 -> 202501 | B12: =ROW()-2 -> 10 | C12: 생활비 | E12: =SUMIFS('수입&예산'!$G$15:$G$27,'수입&예산'!$A$15:$A$27,C12)*10000 -> 350000 | F12: 0 | G12: =SUM(E12:F12) -> 350000 | H12: =INDIRECT($J$1&"!J"&ROW()) -> 0 | I12: =J12-H12 -> 0 | J12: =SUMIFS($T$3:$T$233,$P$3:$P$233,"지출",$Q$3:$Q$233,C12) -> 0 | K12: =G12+J12 -> 350000 | L12: =IF(G12=0,0,-J12/G12) -> 0
A13: =$L$1 -> 202501 | B13: =ROW()-2 -> 11 | C13: 의료/건강 | E13: =SUMIFS('수입&예산'!$G$15:$G$27,'수입&예산'!$A$15:$A$27,C13)*10000 -> 0 | F13: =-J13 -> 0 | G13: =SUM(E13:F13) -> 0 | H13: =INDIRECT($J$1&"!J"&ROW()) -> 0 | I13: =J13-H13 -> 0 | J13: =SUMIFS($T$3:$T$233,$P$3:$P$233,"지출",$Q$3:$Q$233,C13) -> 0 | K13: =G13+J13 -> 0 | L13: =IF(G13=0,0,-J13/G13) -> 0
A14: =$L$1 -> 202501 | B14: =ROW()-2 -> 12 | C14: 모임 | E14: =SUMIFS('수입&예산'!$G$15:$G$27,'수입&예산'!$A$15:$A$27,C14)*10000 -> 0 | F14: =-J14 -> 0 | G14: =SUM(E14:F14) -> 0 | H14: =INDIRECT($J$1&"!J"&ROW()) -> 0 | I14: =J14-H14 -> 0 | J14: =SUMIFS($T$3:$T$233,$P$3:$P$233,"지출",$Q$3:$Q$233,C14) -> 0 | K14: =G14+J14 -> 0 | L14: =IF(G14=0,0,-J14/G14) -> 0
A15: =$L$1 -> 202501 | B15: =ROW()-2 -> 13 | C15: Tiss | E15: =SUMIFS('수입&예산'!$G$15:$G$27,'수입&예산'!A15:A27,C15,'수입&예산'!$H$15:$H$27,L1)*10000 -> 0 | F15: 0 | G15: =SUM(E15:F15) -> 0 | H15: =INDIRECT($J$1&"!J"&ROW()) -> 0 | I15: =J15-H15 -> 0 | J15: =SUMIFS($T$3:$T$233,$P$3:$P$233,"지출",$Q$3:$Q$233,C15) -> 0 | K15: =G15+J15 -> 0 | L15: =IF(G15=0,0,-J15/G15) -> 0
A16: =$L$1 -> 202501 | B16: =ROW()-2 -> 14 | C16: JM | E16: =SUMIFS('수입&예산'!$G$15:$G$27,'수입&예산'!A16:A28,C16,'수입&예산'!$H$15:$H$27,L2)*10000 -> 0 | F16: 0 | G16: =SUM(E16:F16) -> 0 | H16: =INDIRECT($J$1&"!J"&ROW()) -> 0 | I16: =J16-H16 -> 0 | J16: =SUMIFS($T$3:$T$233,$P$3:$P$233,"지출",$Q$3:$Q$233,C16) -> 0 | K16: =G16+J16 -> 0 | L16: =IF(G16=0,0,-J16/G16) -> 0
A17: =$L$1 -> 202501 | B17: =ROW()-2 -> 15 | C17: 세금 | E17: =SUMIFS('수입&예산'!$G$15:$G$27,'수입&예산'!A16:A28,C17,'수입&예산'!$H$15:$H$27,L2)*10000 -> 0 | F17: 0 | G17: =SUM(E17:F17) -> 0 | H17: =INDIRECT($J$1&"!J"&ROW()) -> 0 | I17: =J17-H17 -> 0 | J17: =SUMIFS($T$3:$T$233,$P$3:$P$233,"지출",$Q$3:$Q$233,C17) -> 0 | K17: =G17+J17 -> 0 | L17: =IF(G17=0,0,-J17/G17) -> 0
A18: =$L$1 -> 202501 | B18: =ROW()-2 -> 16 | C18: 기타 | E18: =SUMIFS('수입&예산'!$G$15:$G$27,'수입&예산'!$A$15:$A$27,C18)*10000 -> 350000 | F18: =-J18 -> 0 | G18: =SUM(E18:F18) -> 350000 | H18: =INDIRECT($J$1&"!J"&ROW()) -> 0 | I18: =J18-H18 -> 0 | J18: =SUMIFS($T$3:$T$233,$P$3:$P$233,"지출",$Q$3:$Q$233,C18) -> 0 | K18: =G18+J18 -> 350000 | L18: =IF(G18=0,0,-J18/G18) -> 0
A19: 합계 | E19: =SUM(E3:E17) -> 2475000 | F19: =SUM(F3:F17) -> 0 | G19: =SUM(G3:G17) -> 2475000 | H19: =SUM(H3:H17) -> -895849 | I19: =SUM(I3:I17) -> 0 | J19: =SUM(J3:J17) -> -895849 | K19: =SUM(K3:K17) -> 1579151 | L19: =IF(G19=0,0,-J19/G19) -> 0.36195919
I20: 예산(기본) 기준 | K20: =E19+J19 -> 1579151 | L20: =IF(E19=0,0,-J19/E19) -> 0.36195919
A22: (상세) | C22: 대분류 | D22: 중분류 | E22: 소비금액
C23: 생활비 | D23: 식비 | E23: =SUMIFS($T$3:$T$233,$P$3:$P$233,"지출",$Q$3:$Q$233,C23,$R$3:$R$233,D23) -> 0
C24: 생활비 | D24: 외식 | E24: =SUMIFS($T$3:$T$233,$P$3:$P$233,"지출",$Q$3:$Q$233,C24,$R$3:$R$233,D24) -> 0
C25: 생활비 | D25: 생활용품 | E25: =SUMIFS($T$3:$T$233,$P$3:$P$233,"지출",$Q$3:$Q$233,C25,$R$3:$R$233,D25) -> 0
C26: 생활비 | D26: 기타 | E26: =SUMIFS($T$3:$T$233,$P$3:$P$233,"지출",$Q$3:$Q$233,C26,$R$3:$R$233,D26) -> 0
C27: 생활비 합계 | E27: =SUM(E22:E26) -> 0
C28: 모임 | D28: 데이트 | E28: =SUMIFS($T$3:$T$233,$P$3:$P$233,"지출",$Q$3:$Q$233,C28,$R$3:$R$233,D28) -> 0
C29: 모임 | D29: 가족 | E29: =SUMIFS($T$3:$T$233,$P$3:$P$233,"지출",$Q$3:$Q$233,C29,$R$3:$R$233,D29) -> 0
C30: 모임 | D30: 기타 | E30: =SUMIFS($T$3:$T$233,$P$3:$P$233,"지출",$Q$3:$Q$233,C30,$R$3:$R$233,D30) -> 0
C31: 모임 합계 | E31: =SUM(E28:E30) -> 0
C32: 기타 | D32: 경조사 | E32: =SUMIFS($T$3:$T$233,$P$3:$P$233,"지출",$Q$3:$Q$233,C32,$R$3:$R$233,D32) -> 0
C33: 기타 | D33: 미용 | E33: =SUMIFS($T$3:$T$233,$P$3:$P$233,"지출",$Q$3:$Q$233,C33,$R$3:$R$233,D33) -> 0
C34: 기타 | D34: 의복 | E34: =SUMIFS($T$3:$T$233,$P$3:$P$233,"지출",$Q$3:$Q$233,C34,$R$3:$R$233,D34) -> 0
C35: 기타 | D35: 선물 | E35: =SUMIFS($T$3:$T$233,$P$3:$P$233,"지출",$Q$3:$Q$233,C35,$R$3:$R$233,D35) -> 0
C36: 기타 | D36: 교육 | E36: =SUMIFS($T$3:$T$233,$P$3:$P$233,"지출",$Q$3:$Q$233,C36,$R$3:$R$233,D36) -> 0
C37: 기타 | D37: 기타 | E37: =SUMIFS($T$3:$T$233,$P$3:$P$233,"지출",$Q$3:$Q$233,C37,$R$3:$R$233,D37) -> 0
C38: 기타 | D38: 취미/운동 | E38: =SUMIFS($T$3:$T$233,$P$3:$P$233,"지출",$Q$3:$Q$233,C38,$R$3:$R$233,D38) -> 0
C39: 기타 | D39: 가전제품 | E39: =SUMIFS($T$3:$T$233,$P$3:$P$233,"지출",$Q$3:$Q$233,C39,$R$3:$R$233,D39) -> 0
C40: 기타 합계 | E40: =SUM(E32:E35) -> 0
C41: Tiss | D41: 택시 | E41: =SUMIFS($T$3:$T$233,$P$3:$P$233,"지출",$Q$3:$Q$233,C41,$R$3:$R$233,D41) -> 0
C42: Tiss | D42: 모임 | E42: =SUMIFS($T$3:$T$233,$P$3:$P$233,"지출",$Q$3:$Q$233,C42,$R$3:$R$233,D42) -> 0
C43: Tiss | D43: 음료 | E43: =SUMIFS($T$3:$T$233,$P$3:$P$233,"지출",$Q$3:$Q$233,C43,$R$3:$R$233,D43) -> 0
C44: Tiss | D44: 기타 | E44: =SUMIFS($T$3:$T$233,$P$3:$P$233,"지출",$Q$3:$Q$233,C44,$R$3:$R$233,D44) -> 0
C45: Tiss 합계 | E45: =SUM(E37:E40) -> 0
C46: JM | D46: 택시 | E46: =SUMIFS($T$3:$T$233,$P$3:$P$233,"지출",$Q$3:$Q$233,C46,$R$3:$R$233,D46) -> 0
C47: JM | D47: 모임 | E47: =SUMIFS($T$3:$T$233,$P$3:$P$233,"지출",$Q$3:$Q$233,C47,$R$3:$R$233,D47) -> 0
C48: JM | D48: 음료 | E48: =SUMIFS($T$3:$T$233,$P$3:$P$233,"지출",$Q$3:$Q$233,C48,$R$3:$R$233,D48) -> 0
C49: JM | D49: 기타 | E49: =SUMIFS($T$3:$T$233,$P$3:$P$233,"지출",$Q$3:$Q$233,C49,$R$3:$R$233,D49) -> 0
C50: JM 합계 | E50: =SUM(E42:E45) -> 0
A52: [보유] | C52: 자산 | H52: 전달 이월 | I52: =INDIRECT(J1&"!I53") -> 138057062
C53: 항목 | D53: 상품명 | E53: 확인일 | F53: 금액 | H53: 월말 잔액 | I53: =SUM(F54:F71) -> 138057062
C54: 입출금 | D54: 월급/생활비 | F54: 2257943 | H54: 차액 | I54: =I53-I52 -> 0
D55: 토스뱅크 | F55: 50108414
D56: 예스뱅킹 | F56: 0
D57: 임시 | F57: 0
C58: 적금 | D58: 주택청약종합 | F58: 6000000
C59: 현금 자산 | D59: 경기화폐(Tiss) | E59: 45676 | F59: 136580
D60: 경기화폐(JM) | E60: 45676 | F60: 51950
D61: 복지포인트 | E61: 45676 | F61: 1000000
D62: 현금(JM) | E62: 45676 | F62: 4500000
D63: 온누리상품권 | E63: 45676 | F63: 782000
C64: 투자(증권) | D64: 주식(S/종합) | E64: 45676 | F64: 22717000
D65: 주식(S/ISA) | E65: 45676 | F65: 34017825
D66: 현금(S/종합) | E66: 45676 | F66: 12823
D67: 주식(S/ISA) | E67: 45676 | F67: 41030
D68: 카카오페이 | E68: 45676 | F68: 1000080
C69: 투자(코인) | D69: 코인(업비트) | E69: 45676 | F69: 0
D70: 현금(업비트) | E70: 45676 | F70: 15431417
A72: [수입]
A73: 대상월 | B73: SN | C73: 대분류 | E73: 예정 | F73: 전월 수입 | G73: 전월 차액 | H73: 수입 | I73: 수입-예정
A74: =$L$1 -> 202501 | B74: 1 | C74: 월급 | E74: =SUMIFS('수입&예산'!$C$4:$C$11,'수입&예산'!$A$4:$A$11,C74,'수입&예산'!$D$4:$D$11,"M")*10000+SUMIFS('수입&예산'!$C$4:$C$11,'수입&예산'!$A$4:$A$11,C74,'수입&예산'!$D$4:$D$11,"Y",'수입&예산'!$E$4:$E$11,$L$1)*10000 -> 5543000 | F74: =INDIRECT($J$1&"!H"&ROW()) -> 0 | G74: =H74-F74 -> 0 | H74: =SUMIFS($T$3:$T$233,$P$3:$P$233,"수입",$Q$3:$Q$233,C74) -> 0 | I74: =H74-E74 -> -5543000
A75: =$L$1 -> 202501 | B75: =B74+1 -> 2 | C75: 기타 상여금 | E75: =SUMIFS('수입&예산'!$C$4:$C$11,'수입&예산'!$A$4:$A$11,C75,'수입&예산'!$D$4:$D$11,"M")*10000+SUMIFS('수입&예산'!$C$4:$C$11,'수입&예산'!$A$4:$A$11,C75,'수입&예산'!$D$4:$D$11,"Y",'수입&예산'!$E$4:$E$11,$L$1)*10000 -> 19525199 | F75: =INDIRECT($J$1&"!H"&ROW()) -> 0 | G75: =H75-F75 -> 0 | H75: =SUMIFS($T$3:$T$233,$P$3:$P$233,"수입",$Q$3:$Q$233,C75) -> 0 | I75: =H75-E75 -> -19525199
A76: =$L$1 -> 202501 | B76: =B75+1 -> 3 | C76: 보험금 | E76: =SUMIFS('수입&예산'!$C$4:$C$11,'수입&예산'!$A$4:$A$11,C76,'수입&예산'!$D$4:$D$11,"M")*10000+SUMIFS('수입&예산'!$C$4:$C$11,'수입&예산'!$A$4:$A$11,C76,'수입&예산'!$D$4:$D$11,"Y",'수입&예산'!$E$4:$E$11,$L$1)*10000 -> 0 | F76: =INDIRECT($J$1&"!H"&ROW()) -> 0 | G76: =H76-F76 -> 0 | H76: =SUMIFS($T$3:$T$233,$P$3:$P$233,"수입",$Q$3:$Q$233,C76) -> 0 | I76: =H76-E76 -> 0
A77: =$L$1 -> 202501 | B77: =B76+1 -> 4 | C77: 금융수입 | E77: =SUMIFS('수입&예산'!$C$4:$C$11,'수입&예산'!$A$4:$A$11,C77,'수입&예산'!$D$4:$D$11,"M")*10000+SUMIFS('수입&예산'!$C$4:$C$11,'수입&예산'!$A$4:$A$11,C77,'수입&예산'!$D$4:$D$11,"Y",'수입&예산'!$E$4:$E$11,$L$1)*10000 -> 0 | F77: =INDIRECT($J$1&"!H"&ROW()) -> 0 | G77: =H77-F77 -> 0 | H77: =SUMIFS($T$3:$T$233,$P$3:$P$233,"수입",$Q$3:$Q$233,C77) -> 0 | I77: =H77-E77 -> 0
A78: =$L$1 -> 202501 | B78: =B77+1 -> 5 | C78: 기타 | E78: =SUMIFS('수입&예산'!$C$4:$C$11,'수입&예산'!$A$4:$A$11,C78,'수입&예산'!$D$4:$D$11,"M")*10000+SUMIFS('수입&예산'!$C$4:$C$11,'수입&예산'!$A$4:$A$11,C78,'수입&예산'!$D$4:$D$11,"Y",'수입&예산'!$E$4:$E$11,$L$1)*10000 -> 0 | F78: =INDIRECT($J$1&"!H"&ROW()) -> 0 | G78: =H78-F78 -> 0 | H78: =SUMIFS($T$3:$T$233,$P$3:$P$233,"수입",$Q$3:$Q$233,C78) -> 0 | I78: =H78-E78 -> 0
A79: 합계 | E79: =SUM(E74:E78) -> 25068199 | F79: =SUM(F74:F78) -> 0 | G79: =SUM(G74:G78) -> 0 | H79: =SUM(H74:H78) -> 0 | I79: =SUM(I74:I78) -> -25068199

Sheet 202501
A1: [지출] | I1: 전월 | J1: 202412 | K1: 당월 | L1: 202501 | N1: [소비 총계] | O1: =SUMIF(P3:P233,"지출",T3:T233) -> -3567122
A2: 대상월 | B2: SN | C2: 대분류 | D2: 중분류 | E2: 예산(기본) | F2: 예산(추가) | G2: 예산(합계) | H2: 전월 소비 | I2: 전월 차액 | J2: 소비 | K2: 예산-소비 | L2: 사용율 | N2: 날짜 | O2: 시간 | P2: 타입 | Q2: 대분류 | R2: 중분류 | S2: 내용 | T2: 금액 | U2: 화폐 | V2: 결제수단 | W2: 메모 | X2: 대상 | Y2: 과소비
A3: =$L$1 -> 202501 | B3: =ROW()-2 -> 1 | C3: 대출상환 | D3: 디딤돌 | E3: =SUMIFS('수입&예산'!$C$15:$C$34,'수입&예산'!$A$15:$A$34,C3,'수입&예산'!$B$15:$B$34,D3)*10000 -> 900000 | F3: 0 | G3: =SUM(E3:F3) -> 900000 | H3: =INDIRECT($J$1&"!J"&ROW()) -> -895849 | I3: =J3-H3 -> 0 | J3: =VLOOKUP(A3,대출!$B$4:$G$363,3,FALSE)*-1 -> -895849 | K3: =G3+J3 -> 4151 | L3: =IF(G3=0,0,-J3/G3) -> 0.99538778 | N3: 45659 | O3: 0.82672454 | P3: 지출 | Q3: Tiss | R3: 모임 | S3: 뽕나무쟁이족발 | T3: -63000 | U3: KRW | V3: 대한항공카드 030 | X3: Tiss | Y3: O
A4: =$L$1 -> 202501 | B4: =ROW()-2 -> 2 | C4: 고정비 | D4: 용돈 | E4: =SUMIFS('수입&예산'!$G$15:$G$27,'수입&예산'!$A$15:$A$27,C4,'수입&예산'!$B$15:$B$27,D4)*10000 -> 100000 | F4: 0 | G4: =SUM(E4:F4) -> 100000 | H4: =INDIRECT($J$1&"!J"&ROW()) -> 0 | I4: =J4-H4 -> -100000 | J4: =SUMIFS($T$3:$T$233,$P$3:$P$233,"지출",$Q$3:$Q$233,C4,$R$3:$R$233,D4) -> -100000 | K4: =G4+J4 -> 0 | L4: =IF(G4=0,0,-J4/G4) -> 1 | N4: 45660 | O4: 0.40185185 | P4: 지출 | Q4: 고정비 | R4: 구독형서비스 | S4: 쿠팡_와우멤버십 | T4: -7890 | U4: KRW | V4: 대한항공카드 030
A5: =$L$1 -> 202501 | B5: =ROW()-2 -> 3 | C5: 고정비 | D5: 휴대폰/인터넷 | E5: =SUMIFS('수입&예산'!$G$15:$G$27,'수입&예산'!$A$15:$A$27,C5,'수입&예산'!$B$15:$B$27,D5)*10000 -> 44000 | F5: 0 | G5: =SUM(E5:F5) -> 44000 | H5: =INDIRECT($J$1&"!J"&ROW()) -> 0 | I5: =J5-H5 -> -65890 | J5: =SUMIFS($T$3:$T$233,$P$3:$P$233,"지출",$Q$3:$Q$233,C5,$R$3:$R$233,D5) -> -65890 | K5: =G5+J5 -> -21890 | L5: =IF(G5=0,0,-J5/G5) -> 1.4975 | N5: 45660 | O5: 0.66283565 | P5: 지출 | Q5: 생활비 | R5: 식비 | S5: 쿠팡_쿠페이 | T5: -25540 | U5: KRW | V5: 대한항공카드 030
A6: =$L$1 -> 202501 | B6: =ROW()-2 -> 4 | C6: 고정비 | D6: 아파트관리비 | E6: =SUMIFS('수입&예산'!$G$15:$G$27,'수입&예산'!$A$15:$A$27,C6,'수입&예산'!$B$15:$B$27,D6)*10000 -> 330000 | F6: 0 | G6: =SUM(E6:F6) -> 330000 | H6: =INDIRECT($J$1&"!J"&ROW()) -> 0 | I6: =J6-H6 -> -367410 | J6: =SUMIFS($T$3:$T$233,$P$3:$P$233,"지출",$Q$3:$Q$233,C6,$R$3:$R$233,D6) -> -367410 | K6: =G6+J6 -> -37410 | L6: =IF(G6=0,0,-J6/G6) -> 1.1133636 | N6: 45660 | O6: 0.72605324 | P6: 지출 | Q6: 생활비 | R6: 식비 | S6: 쿠팡_쿠페이 | T6: -6230 | U6: KRW | V6: 대한항공카드 030
A7: =$L$1 -> 202501 | B7: =ROW()-2 -> 5 | C7: 고정비 | D7: 기흥모임 | E7: =SUMIFS('수입&예산'!$G$15:$G$27,'수입&예산'!$A$15:$A$27,C7,'수입&예산'!$B$15:$B$27,D7)*10000 -> 130000 | F7: 0 | G7: =SUM(E7:F7) -> 130000 | H7: =INDIRECT($J$1&"!J"&ROW()) -> 0 | I7: =J7-H7 -> -130000 | J7: =SUMIFS($T$3:$T$233,$P$3:$P$233,"지출",$Q$3:$Q$233,C7,$R$3:$R$233,D7) -> -130000 | K7: =G7+J7 -> 0 | L7: =IF(G7=0,0,-J7/G7) -> 1 | N7: 45661 | O7: 0.70269676 | P7: 지출 | Q7: 모임 | R7: 데이트 | S7: 코끼리만두 | T7: -17500 | U7: KRW | V7: 대한항공카드 030 | W7: 수원 데이트(1/4,토) - 저녁 | Y7: O
A8: =$L$1 -> 202501 | B8: =ROW()-2 -> 6 | C8: 고정비 | D8: 부모님 | E8: =SUMIFS('수입&예산'!$G$15:$G$27,'수입&예산'!$A$15:$A$27,C8,'수입&예산'!$B$15:$B$27,D8)*10000 -> 171000 | F8: 0 | G8: =SUM(E8:F8) -> 171000 | H8: =INDIRECT($J$1&"!J"&ROW()) -> 0 | I8: =J8-H8 -> -162690 | J8: =SUMIFS($T$3:$T$233,$P$3:$P$233,"지출",$Q$3:$Q$233,C8,$R$3:$R$233,D8) -> -162690 | K8: =G8+J8 -> 8310 | L8: =IF(G8=0,0,-J8/G8) -> 0.95140351 | N8: 45661 | O8: 0.71642361 | P8: 지출 | Q8: 모임 | R8: 데이트 | S8: 토스 김미진 | T8: -2000 | U8: KRW | V8: 월급/생활비 | W8: 수원 데이트(1/4,토) - 간식 | Y8: O
A9: =$L$1 -> 202501 | B9: =ROW()-2 -> 7 | C9: 고정비 | D9: 보험/연금 | E9: =SUMIFS('수입&예산'!$G$15:$G$27,'수입&예산'!$A$15:$A$27,C9,'수입&예산'!$B$15:$B$27,D9)*10000 -> 246000 | F9: 0 | G9: =SUM(E9:F9) -> 246000 | H9: =INDIRECT($J$1&"!J"&ROW()) -> 0 | I9: =J9-H9 -> -218959 | J9: =SUMIFS($T$3:$T$233,$P$3:$P$233,"지출",$Q$3:$Q$233,C9,$R$3:$R$233,D9) -> -218959 | K9: =G9+J9 -> 27041 | L9: =IF(G9=0,0,-J9/G9) -> 0.89007724 | N9: 45661 | O9: 0.72434028 | P9: 지출 | Q9: 모임 | R9: 데이트 | S9: 안다미로 | T9: -17000 | U9: KRW | V9: 대한항공카드 030 | W9: 수원 데이트(1/4,토) - 카페 | Y9: O
A10: =$L$1 -> 202501 | B10: =ROW()-2 -> 8 | C10: 고정비 | D10: 교통비 | E10: =SUMIFS('수입&예산'!$G$15:$G$27,'수입&예산'!$A$15:$A$27,C10,'수입&예산'!$B$15:$B$27,D10)*10000 -> 160000 | F10: 0 | G10: =SUM(E10:F10) -> 160000 | H10: =INDIRECT($J$1&"!J"&ROW()) -> 0 | I10: =J10-H10 -> -5800 | J10: =SUMIFS($T$3:$T$233,$P$3:$P$233,"지출",$Q$3:$Q$233,C10,$R$3:$R$233,D10) -> -5800 | K10: =G10+J10 -> 154200 | L10: =IF(G10=0,0,-J10/G10) -> 0.03625 | N10: 45661 | O10: 0.77408565 | P10: 지출 | Q10: 생활비 | R10: 식비 | S10: 명동만두 | T10: -16000 | U10: KRW | V10: 대한항공카드 030 | W10: 수원 데이트(1/4,토) - 만두(식비) | Y10: O
A11: =$L$1 -> 202501 | B11: =ROW()-2 -> 9 | C11: 고정비 | D11: 구독형서비스 | E11: =SUMIFS('수입&예산'!$G$15:$G$27,'수입&예산'!$A$15:$A$27,C11,'수입&예산'!$B$15:$B$27,D11)*10000 -> 44000 | F11: 0 | G11: =SUM(E11:F11) -> 44000 | H11: =INDIRECT($J$1&"!J"&ROW()) -> 0 | I11: =J11-H11 -> -35690 | J11: =SUMIFS($T$3:$T$233,$P$3:$P$233,"지출",$Q$3:$Q$233,C11,$R$3:$R$233,D11) -> -35690 | K11: =G11+J11 -> 8310 | L11: =IF(G11=0,0,-J11/G11) -> 0.81113636 | N11: 45661 | O11: 0.80642361 | P11: 지출 | Q11: 의료/건강 | R11: 약국 | S11: 3층온누리약국 | T11: -2000 | U11: KRW | V11: 대한항공카드 030
A12: =$L$1 -> 202501 | B12: =ROW()-2 -> 10 | C12: 생활비 | E12: =SUMIFS('수입&예산'!$G$15:$G$27,'수입&예산'!$A$15:$A$27,C12)*10000 -> 350000 | F12: 0 | G12: =SUM(E12:F12) -> 350000 | H12: =INDIRECT($J$1&"!J"&ROW()) -> 0 | I12: =J12-H12 -> -889769 | J12: =SUMIFS($T$3:$T$233,$P$3:$P$233,"지출",$Q$3:$Q$233,C12) -> -889769 | K12: =G12+J12 -> -539769 | L12: =IF(G12=0,0,-J12/G12) -> 2.5421971 | N12: 45661 | O12: 0.81508102 | P12: 지출 | Q12: 생활비 | R12: 생활용품 | S12: 다이소아성산업 | T12: -10000 | U12: KRW | V12: 대한항공카드 030
A13: =$L$1 -> 202501 | B13: =ROW()-2 -> 11 | C13: 의료/건강 | E13: =SUMIFS('수입&예산'!$G$15:$G$27,'수입&예산'!$A$15:$A$27,C13)*10000 -> 0 | F13: =-J13 -> 2000 | G13: =SUM(E13:F13) -> 2000 | H13: =INDIRECT($J$1&"!J"&ROW()) -> 0 | I13: =J13-H13 -> -2000 | J13: =SUMIFS($T$3:$T$233,$P$3:$P$233,"지출",$Q$3:$Q$233,C13) -> -2000 | K13: =G13+J13 -> 0 | L13: =IF(G13=0,0,-J13/G13) -> 1 | N13: 45662 | O13: 0.8446412 | P13: 지출 | Q13: 생활비 | R13: 생활용품 | S13: 쿠팡_쿠페이 | T13: -26240 | U13: KRW | V13: 대한항공카드 030
A14: =$L$1 -> 202501 | B14: =ROW()-2 -> 12 | C14: 모임 | E14: =SUMIFS('수입&예산'!$G$15:$G$27,'수입&예산'!$A$15:$A$27,C14)*10000 -> 0 | F14: =-J14 -> 36500 | G14: =SUM(E14:F14) -> 36500 | H14: =INDIRECT($J$1&"!J"&ROW()) -> 0 | I14: =J14-H14 -> -36500 | J14: =SUMIFS($T$3:$T$233,$P$3:$P$233,"지출",$Q$3:$Q$233,C14) -> -36500 | K14: =G14+J14 -> 0 | L14: =IF(G14=0,0,-J14/G14) -> 1 | N14: 45663 | O14: 0.71940972 | P14: 지출 | Q14: 기타 | R14: 선물 | S14: 카카오선물하기_카카오페이 | T14: -25900 | U14: KRW | V14: 대한항공카드 030 | W14: 이미형 과장 생선
A15: =$L$1 -> 202501 | B15: =ROW()-2 -> 13 | C15: Tiss | E15: =SUMIFS('수입&예산'!$G$15:$G$27,'수입&예산'!A15:A27,C15,'수입&예산'!$H$15:$H$27,L1)*10000 -> 0 | F15: 0 | G15: =SUM(E15:F15) -> 0 | H15: =INDIRECT($J$1&"!J"&ROW()) -> 0 | I15: =J15-H15 -> -63000 | J15: =SUMIFS($T$3:$T$233,$P$3:$P$233,"지출",$Q$3:$Q$233,C15) -> -63000 | K15: =G15+J15 -> -63000 | L15: =IF(G15=0,0,-J15/G15) -> 0 | N15: 45663 | O15: 0.92756944 | P15: 지출 | Q15: 생활비 | R15: 기타 | S15: 토스 박미선 | T15: -317000 | U15: KRW | V15: 월급/생활비 | W15: 코스트코
A16: =$L$1 -> 202501 | B16: =ROW()-2 -> 14 | C16: JM | E16: =SUMIFS('수입&예산'!$G$15:$G$27,'수입&예산'!A16:A28,C16,'수입&예산'!$H$15:$H$27,L2)*10000 -> 0 | F16: 0 | G16: =SUM(E16:F16) -> 0 | H16: =INDIRECT($J$1&"!J"&ROW()) -> 0 | I16: =J16-H16 -> 0 | J16: =SUMIFS($T$3:$T$233,$P$3:$P$233,"지출",$Q$3:$Q$233,C16) -> 0 | K16: =G16+J16 -> 0 | L16: =IF(G16=0,0,-J16/G16) -> 0 | N16: 45666 | O16: 0.44849537 | P16: 이체 | Q16: 복지포인트 | R16: 미분류 | S16: 차액 | T16: 1000000 | U16: KRW | V16: 복지포인트
A17: =$L$1 -> 202501 | B17: =ROW()-2 -> 15 | C17: 세금 | E17: =SUMIFS('수입&예산'!$G$15:$G$27,'수입&예산'!A16:A28,C17,'수입&예산'!$H$15:$H$27,L2)*10000 -> 0 | F17: 0 | G17: =SUM(E17:F17) -> 0 | H17: =INDIRECT($J$1&"!J"&ROW()) -> 0 | I17: =J17-H17 -> 0 | J17: =SUMIFS($T$3:$T$233,$P$3:$P$233,"지출",$Q$3:$Q$233,C17) -> 0 | K17: =G17+J17 -> 0 | L17: =IF(G17=0,0,-J17/G17) -> 0 | N17: 45666 | O17: 0.83646991 | P17: 지출 | Q17: 생활비 | R17: 식비 | S17: 마켓9단 | T17: -10000 | U17: KRW | V17: 복지포인트 | W17: 강남역-마늘빵 | Y17: O
A18: =$L$1 -> 202501 | B18: =ROW()-2 -> 16 | C18: 기타 | E18: =SUMIFS('수입&예산'!$G$15:$G$27,'수입&예산'!$A$15:$A$27,C18)*10000 -> 350000 | F18: =-J18 -> 593565 | G18: =SUM(E18:F18) -> 943565 | H18: =INDIRECT($J$1&"!J"&ROW()) -> 0 | I18: =J18-H18 -> -593565 | J18: =SUMIFS($T$3:$T$233,$P$3:$P$233,"지출",$Q$3:$Q$233,C18) -> -593565 | K18: =G18+J18 -> 350000 | L18: =IF(G18=0,0,-J18/G18) -> 0.62906636 | N18: 45667 | O18: 0.35170139 | P18: 지출 | Q18: 생활비 | R18: 생활용품 | S18: 쿠팡_쿠페이 | T18: -17080 | U18: KRW | V18: 대한항공카드 030
A19: 합계 | E19: =SUM(E3:E18) -> 2825000 | F19: =SUM(F3:F18) -> 632065 | G19: =SUM(G3:G18) -> 3457065 | H19: =SUM(H3:H18) -> -895849 | I19: =SUM(I3:I18) -> -2671273 | J19: =SUM(J3:J18) -> -3567122 | K19: =SUM(K3:K18) -> -110057 | L19: =IF(G19=0,0,-J19/G19) -> 1.0318354 | N19: 45668 | O19: 0.67336806 | P19: 지출 | Q19: 생활비 | R19: 생활용품 | S19: aliexpress | T19: -13484 | U19: KRW | V19: 대한항공카드 030 | W19: 충전기/케이블 | Y19: O
I20: 예산(기본) 기준 | K20: =E19+J19 -> -742122 | L20: =IF(E19=0,0,-J19/E19) -> 1.2626981 | N20: 45668 | O20: 0.84925926 | P20: 지출 | Q20: 생활비 | R20: 생활용품 | S20: 쿠팡_쿠페이 | T20: -7900 | U20: KRW | V20: 대한항공카드 030 | W20: 와인쇼핑백
N21: 45668 | O21: 0.8630787 | P21: 지출 | Q21: 생활비 | R21: 생활용품 | S21: 다이소아성산업 | T21: -10000 | U21: KRW | V21: 대한항공카드 030 | W21: 리들샷(2팩), 지퍼백, 제습제
A22: (상세) | C22: 대분류 | D22: 중분류 | E22: 소비금액 | N22: 45669 | O22: 0.83332176 | P22: 지출 | Q22: 생활비 | R22: 생활용품 | S22: 쿠팡_쿠페이 | T22: -29900 | U22: KRW | V22: 대한항공카드 030 | W22: 유기농사과식초, 키친타올걸이
C23: 생활비 | D23: 식비 | E23: =SUMIFS($T$3:$T$233,$P$3:$P$233,"지출",$Q$3:$Q$233,C23,$R$3:$R$233,D23) -> -199810 | N23: 45670 | O23: 0.79099537 | P23: 지출 | Q23: 기타 | R23: 미용 | S23: *161원캐쉬백다이소 | T23: -32039 | U23: KRW | V23: 월급/생활비 | W23: 리들샷(10팩), 제습제
C24: 생활비 | D24: 외식 | E24: =SUMIFS($T$3:$T$233,$P$3:$P$233,"지출",$Q$3:$Q$233,C24,$R$3:$R$233,D24) -> -89760 | N24: 45670 | O24: 0.80646991 | P24: 이체 | Q24: 카드대금 | R24: 미분류 | S24: 현대카드대금 | T24: -903017 | U24: KRW | V24: 월급/생활비
C25: 생활비 | D25: 생활용품 | E25: =SUMIFS($T$3:$T$233,$P$3:$P$233,"지출",$Q$3:$Q$233,C25,$R$3:$R$233,D25) -> -280199 | N25: 45671 | O25: 0.77190972 | P25: 이체 | Q25: 카드대금 | R25: 미분류 | S25: KB카드출금 | T25: -451140 | U25: KRW | V25: 월급/생활비
C26: 생활비 | D26: 기타 | E26: =SUMIFS($T$3:$T$233,$P$3:$P$233,"지출",$Q$3:$Q$233,C26,$R$3:$R$233,D26) -> -320000 | N26: 45671 | O26: 0.91105324 | P26: 지출 | Q26: 생활비 | R26: 식비 | S26: GS25기흥센트럴점 | T26: -3500 | U26: KRW | V26: 대한항공카드 030
C27: 생활비 합계 | E27: =SUM(E21:E26) -> -889769 | N27: 45674 | O27: 0.37206019 | P27: 지출 | Q27: 생활비 | R27: 식비 | S27: 쿠팡_쿠페이 | T27: -20530 | U27: KRW | V27: 대한항공카드 030 | W27: 어묵, 치즈스틱
C28: 모임 | D28: 데이트 | E28: =SUMIFS($T$3:$T$233,$P$3:$P$233,"지출",$Q$3:$Q$233,C28,$R$3:$R$233,D28) -> -36500 | N28: 45674 | O28: 0.38928241 | P28: 지출 | Q28: 생활비 | R28: 외식 | S28: 쿠팡이츠 | T28: -29260 | U28: KRW | V28: 대한항공카드 030 | W28: 배달-프랭크버거 | Y28: O
C29: 모임 | D29: 가족 | E29: =SUMIFS($T$3:$T$233,$P$3:$P$233,"지출",$Q$3:$Q$233,C29,$R$3:$R$233,D29) -> 0 | N29: 45674 | O29: 0.58393519 | P29: 수입 | Q29: 기타 상여금 | R29: 미분류 | S29: 오토에버경비 | T29: 55199 | U29: KRW | V29: 월급/생활비 | W29: 통신비 지원
C30: 모임 | D30: 기타 | E30: =SUMIFS($T$3:$T$233,$P$3:$P$233,"지출",$Q$3:$Q$233,C30,$R$3:$R$233,D30) -> 0 | N30: 45674 | O30: 0.60329861 | P30: 지출 | Q30: 기타 | R30: 경조사 | S30: 송금 내역 | T30: -50000 | U30: KRW | V30: 카카오페이 머니 | W30: 노찬형 책임 자식 결혼
C31: 모임 합계 | E31: =SUM(E28:E30) -> -36500 | N31: 45675 | O31: 0.72738426 | P31: 지출 | Q31: 생활비 | R31: 식비 | S31: 쿠팡_쿠페이 | T31: -9140 | U31: KRW | V31: 대한항공카드 030 | W31: 몽쉘통통(딸기) | Y31: O
C32: 기타 | D32: 경조사 | E32: =SUMIFS($T$3:$T$233,$P$3:$P$233,"지출",$Q$3:$Q$233,C32,$R$3:$R$233,D32) -> -50000 | N32: 45676 | O32: 0.36712963 | P32: 이체 | Q32: 저축 | R32: 미분류 | S32: 계좌개설용4528 | T32: 1 | U32: KRW | V32: 월급/생활비
C33: 기타 | D33: 미용 | E33: =SUMIFS($T$3:$T$233,$P$3:$P$233,"지출",$Q$3:$Q$233,C33,$R$3:$R$233,D33) -> -32039 | N33: 45676 | O33: 0.36752315 | P33: 이체 | Q33: 이체 | R33: 미분류 | S33: 비대면신규 | T33: 0 | U33: KRW | V33: E-RUN 파킹통장(예스뱅킹)
C34: 기타 | D34: 의복 | E34: =SUMIFS($T$3:$T$233,$P$3:$P$233,"지출",$Q$3:$Q$233,C34,$R$3:$R$233,D34) -> 0 | N34: 45676 | O34: 0.77175926 | P34: 지출 | Q34: 기타 | R34: 가전제품 | S34: 쿠팡_쿠페이 | T34: -36170 | U34: KRW | V34: 대한항공카드 030 | W34: 쿠팡-다리미판
C35: 기타 | D35: 선물 | E35: =SUMIFS($T$3:$T$233,$P$3:$P$233,"지출",$Q$3:$Q$233,C35,$R$3:$R$233,D35) -> -340950 | N35: 45676 | O35: 0.78306713 | P35: 지출 | Q35: 생활비 | R35: 기타 | S35: 공공온라인_4 | T35: -3000 | U35: KRW | V35: 대한항공카드 030 | W35: 다리미판 처리(빼기)
C36: 기타 | D36: 교육 | E36: =SUMIFS($T$3:$T$233,$P$3:$P$233,"지출",$Q$3:$Q$233,C36,$R$3:$R$233,D36) -> 0 | N36: 45676 | O36: 0.79788194 | P36: 지출 | Q36: 생활비 | R36: 생활용품 | S36: 쿠팡_쿠페이 | T36: -9500 | U36: KRW | V36: 대한항공카드 030 | W36: 쿠팡-비닐봉투(80L 100장)
C37: 기타 | D37: 기타 | E37: =SUMIFS($T$3:$T$233,$P$3:$P$233,"지출",$Q$3:$Q$233,C37,$R$3:$R$233,D37) -> 0 | N37: 45676 | O37: 0.82934028 | P37: 이체 | Q37: 이체 | R37: 미분류 | S37: 카카오페이 | T37: -1000000 | U37: KRW | V37: 월급/생활비
C38: 기타 | D38: 취미/운동 | E38: =SUMIFS($T$3:$T$233,$P$3:$P$233,"지출",$Q$3:$Q$233,C38,$R$3:$R$233,D38) -> 0 | N38: 45676 | O38: 0.82934028 | P38: 이체 | Q38: 이체 | R38: 미분류 | S38: 박*현 | T38: 1000000 | U38: KRW | V38: 카카오페이 머니
C39: 기타 | D39: 가전제품 | E39: =SUMIFS($T$3:$T$233,$P$3:$P$233,"지출",$Q$3:$Q$233,C39,$R$3:$R$233,D39) -> -170576 | N39: 45677 | O39: 0.40868056 | P39: 지출 | Q39: 고정비 | R39: 휴대폰/인터넷 | S39: KT인터넷제휴납부 | T39: -22000 | U39: KRW | V39: 대한항공카드 030
C40: 기타 합계 | E40: =SUM(E32:E39) -> -593565 | N40: 45677 | O40: 0.40868056 | P40: 지출 | Q40: 고정비 | R40: 휴대폰/인터넷 | S40: KT통신요금자동납부 | T40: -43890 | U40: KRW | V40: 대한항공카드 030
C41: Tiss | D41: 택시 | E41: =SUMIFS($T$3:$T$233,$P$3:$P$233,"지출",$Q$3:$Q$233,C41,$R$3:$R$233,D41) -> 0 | N41: 45677 | O41: 0.51157407 | P41: 지출 | Q41: 생활비 | R41: 외식 | S41: 토스 서유리 | T41: -10500 | U41: KRW | V41: 월급/생활비 | W41: 레알떡볶이
C42: Tiss | D42: 모임 | E42: =SUMIFS($T$3:$T$233,$P$3:$P$233,"지출",$Q$3:$Q$233,C42,$R$3:$R$233,D42) -> -63000 | N42: 45677 | O42: 0.52805556 | P42: 지출 | Q42: 생활비 | R42: 외식 | S42: 토스 서유리 | T42: -3000 | U42: KRW | V42: 월급/생활비 | W42: 레알떡볶이
C43: Tiss | D43: 음료 | E43: =SUMIFS($T$3:$T$233,$P$3:$P$233,"지출",$Q$3:$Q$233,C43,$R$3:$R$233,D43) -> 0 | N43: 45677 | O43: 0.53728009 | P43: 지출 | Q43: 생활비 | R43: 식비 | S43: 소문난 떡집 | T43: -5000 | U43: KRW | V43: KB국민 토심이 첵첵 체크카드(RF)
C44: Tiss | D44: 기타 | E44: =SUMIFS($T$3:$T$233,$P$3:$P$233,"지출",$Q$3:$Q$233,C44,$R$3:$R$233,D44) -> 0 | N44: 45677 | O44: 0.60859954 | P44: 지출 | Q44: 생활비 | R44: 식비 | S44: 영통떡집 | T44: -10000 | U44: KRW | V44: KB국민 토심이 첵첵 체크카드(RF)
C45: Tiss 합계 | E45: =SUM(E41:E44) -> -63000 | N45: 45677 | O45: 0.63063657 | P45: 지출 | Q45: 생활비 | R45: 생활용품 | S45: *45원캐쉬백다이소 | T45: -8955 | U45: KRW | V45: 월급/생활비 | W45: 리들샷
C46: JM | D46: 택시 | E46: =SUMIFS($T$3:$T$233,$P$3:$P$233,"지출",$Q$3:$Q$233,C46,$R$3:$R$233,D46) -> 0 | N46: 45677 | O46: 0.93695602 | P46: 이체 | Q46: 이체 | R46: 미분류 | S46: 박중현 | T46: 20000000 | U46: KRW | V46: 월급/생활비
C47: JM | D47: 모임 | E47: =SUMIFS($T$3:$T$233,$P$3:$P$233,"지출",$Q$3:$Q$233,C47,$R$3:$R$233,D47) -> 0 | N47: 45677 | O47: 0.9384375 | P47: 이체 | Q47: 이체 | R47: 미분류 | S47: 박중현 | T47: -20000000 | U47: KRW | V47: 월급/생활비
C48: JM | D48: 음료 | E48: =SUMIFS($T$3:$T$233,$P$3:$P$233,"지출",$Q$3:$Q$233,C48,$R$3:$R$233,D48) -> 0 | N48: 45677 | O48: 0.93847222 | P48: 이체 | Q48: 이체 | R48: 미분류 | S48: 박중현 국민전자 | T48: 20000000 | U48: KRW | V48: E-RUN 파킹통장(예스뱅킹)
C49: JM | D49: 기타 | E49: =SUMIFS($T$3:$T$233,$P$3:$P$233,"지출",$Q$3:$Q$233,C49,$R$3:$R$233,D49) -> 0 | N49: 45678 | O49: 0.56787037 | P49: 지출 | Q49: 고정비 | R49: 아파트관리비 | S49: 아파트관리비 | T49: -367410 | U49: KRW | V49: 대한항공카드 030
C50: JM 합계 | E50: =SUM(E46:E49) -> 0 | N50: 45679 | O50: 0.50240741 | P50: 수입 | Q50: 기타 상여금 | R50: 미분류 | S50: 24년인센티브 | T50: 19473581 | U50: KRW | V50: 월급/생활비
N51: 45679 | O51: 0.5074537 | P51: 이체 | Q51: 이체 | R51: 미분류 | S51: 박중현 | T51: -2100000 | U51: KRW | V51: 월급/생활비
A52: [보유] | C52: 자산 | H52: 전달 이월 | I52: =INDIRECT(J1&"!I53") -> 138057062 | N52: 45679 | O52: 0.50790509 | P52: 이체 | Q52: 이체 | R52: 미분류 | S52: 박중현 | T52: -19000000 | U52: KRW | V52: 월급/생활비
C53: 항목 | D53: 상품명 | E53: 확인일 | F53: 금액 | H53: 월말 잔액 | I53: =SUM(F54:F71) -> 163863206 | N53: 45679 | O53: 0.52320602 | P53: 이체 | Q53: 이체 | R53: 미분류 | S53: 박중현 토스전자 | T53: 30000000 | U53: KRW | V53: E-RUN 파킹통장(예스뱅킹)
C54: 입출금 | D54: 월급/생활비 | E54: 45689 | F54: 5537523 | H54: 차액 | I54: =I53-I52 -> 25806144 | N54: 45679 | O54: 0.52335648 | P54: 이체 | Q54: 이체 | R54: 미분류 | S54: 박중현 | T54: 157945 | U54: KRW | V54: 월급/생활비
D55: 토스뱅크 | E55: 45689 | F55: 0 | N55: 45679 | O55: 0.7419213 | P55: 지출 | Q55: 생활비 | R55: 외식 | S55: 아빠곰 수제돈까스 | T55: -28000 | U55: KRW | V55: KB국민 토심이 첵첵 체크카드(RF) | Y55: O
D56: 예스뱅킹 | E56: 45689 | F56: 50000000 | N56: 45679 | O56: 0.78770833 | P56: 지출 | Q56: 생활비 | R56: 식비 | S56: 와펜하우스 강남점 | T56: -4000 | U56: KRW | V56: KB국민 토심이 첵첵 체크카드(RF) | W56: 간식 | Y56: O
D57: 임시 | E57: 45689 | F57: 0 | N57: 45680 | O57: 0.33569444 | P57: 지출 | Q57: 생활비 | R57: 생활용품 | S57: 쿠팡_쿠페이 | T57: -22900 | U57: KRW | V57: 대한항공카드 030 | W57: 제이숲 트리트먼트
C58: 적금 | D58: 주택청약종합 | E58: 45689 | F58: 6000000 | N58: 45680 | O58: 0.33798611 | P58: 지출 | Q58: 생활비 | R58: 생활용품 | S58: CJ올리브영_국내 | T58: -26700 | U58: KRW | V58: 대한항공카드 030 | W58: 센카 퍼펙트휩, 립밤
C59: 현금 자산 | D59: 경기화폐(Tiss) | E59: 45689 | F59: 136580 | N59: 45680 | O59: 0.48604167 | P59: 수입 | Q59: 기타 상여금 | R59: 미분류 | S59: 설명절지원금 | T59: 1100000 | U59: KRW | V59: 월급/생활비
D60: 경기화폐(JM) | E60: 45689 | F60: 51950 | N60: 45680 | O60: 0.81231481 | P60: 지출 | Q60: 고정비 | R60: 보험/연금 | S60: 삼성화01018 | T60: -14232 | U60: KRW | V60: 월급/생활비
D61: 복지포인트 | E61: 45689 | F61: 990000 | N61: 45681 | O61: 0.25394676 | P61: 수입 | Q61: 월급 | R61: 미분류 | S61: 급여현대오토에버 | T61: 5278317 | U61: KRW | V61: 월급/생활비
D62: 현금(JM) | E62: 45689 | F62: 4500000 | N62: 45682 | O62: 0.77322917 | P62: 지출 | Q62: 생활비 | R62: 식비 | S62: 쿠팡_쿠페이 | T62: -89870 | U62: KRW | V62: 대한항공카드 030 | W62: 설 연휴 식비(카레/전골)
D63: 온누리상품권 | E63: 45689 | F63: 782000 | N63: 45682 | O63: 0.77895833 | P63: 지출 | Q63: 생활비 | R63: 외식 | S63: 우아한형제들 | T63: -19000 | U63: KRW | V63: 대한항공카드 030 | W63: 처갓집양념치킨 | Y63: O
C64: 투자(증권) | D64: 주식(S/종합) | E64: 45689 | F64: 44053780 | N64: 45682 | O64: 0.89247685 | P64: 지출 | Q64: 기타 | R64: 가전제품 | S64: 네이버페이 | T64: -56430 | U64: KRW | V64: 대한항공카드 030 | W64: anker 충전기(보조배터리 충전) | Y64: O
D65: 주식(S/ISA) | E65: 45689 | F65: 34672320 | N65: 45682 | O65: 0.90144676 | P65: 지출 | Q65: 기타 | R65: 가전제품 | S65: Aliexpresscom | T65: -77976 | U65: KRW | V65: HYUNDAI BLUE members Family M2 Edition2(그룹사_복지사원증) | W65: anker 보조배터리
D66: 예수금(S/종합) | E66: 45689 | F66: 605461 | N66: 45684 | O66: 0.63665509 | P66: 지출 | Q66: 생활비 | R66: 생활용품 | S66: 쿠팡_쿠페이 | T66: -44670 | U66: KRW | V66: 대한항공카드 030 | W66: 브리오신 다목적세정제, 물티슈케이스, 우동건더기 | Y66: O
D67: 예수금(S/ISA) | E67: 45689 | F67: 41030 | N67: 45684 | O67: 0.63908565 | P67: 지출 | Q67: 생활비 | R67: 생활용품 | S67: 쿠팡_쿠페이 | T67: -10900 | U67: KRW | V67: 대한항공카드 030 | W67: 마르나 키와이 밥주걱
D68: 카카오페이 | E68: 45689 | F68: 1061145 | N68: 45684 | O68: 0.64175926 | P68: 지출 | Q68: 생활비 | R68: 생활용품 | S68: 쿠팡_쿠페이 | T68: -9990 | U68: KRW | V68: 대한항공카드 030 | W68: 멕리듬 아이마스크
C69: 투자(코인) | D69: 코인(업비트) | E69: 45689 | F69: 0 | N69: 45685 | O69: 0.89435185 | P69: 지출 | Q69: 기타 | R69: 선물 | S69: 쿠팡_쿠페이 | T69: -15050 | U69: KRW | V69: 대한항공카드 030 | W69: 율환 선물-세정제, 스펀지
D70: 현금(업비트) | E70: 45689 | F70: 15431417 | N70: 45686 | O70: 0.45577546 | P70: 지출 | Q70: 생활비 | R70: 생활용품 | S70: 쿠팡_쿠페이 | T70: -15980 | U70: KRW | V70: 대한항공카드 030 | W70: 쿠팡-크리넥스, 콩나물
N71: 45686 | O71: 0.66197917 | P71: 지출 | Q71: 기타 | R71: 선물 | S71: 토스 박중현 | T71: -300000 | U71: KRW | V71: 월급/생활비 | W71: 서태례님 설 용돈
A72: [수입] | N72: 45687 | O72: 0.7509375 | P72: 지출 | Q72: 생활비 | R72: 생활용품 | S72: 박미선 | T72: -16000 | U72: KRW | V72: 월급/생활비 | W72: 코스트코-지퍼백
A73: 대상월 | B73: SN | C73: 대분류 | E73: 예정 | F73: 전월 수입 | G73: 전월 차액 | H73: 수입 | I73: 수입-예정 | N73: 45688 | O73: 0.097303241 | P73: 지출 | Q73: 고정비 | R73: 교통비 | S73: 경기시내버스 | T73: -1600 | U73: KRW | V73: HYUNDAI BLUE members Family M2 Edition2(그룹사_복지사원증)
A74: =$L$1 -> 202501 | B74: 1 | C74: 월급 | E74: =SUMIFS('수입&예산'!$C$4:$C$11,'수입&예산'!$A$4:$A$11,C74,'수입&예산'!$D$4:$D$11,"M")*10000+SUMIFS('수입&예산'!$C$4:$C$11,'수입&예산'!$A$4:$A$11,C74,'수입&예산'!$D$4:$D$11,"Y",'수입&예산'!$E$4:$E$11,$L$1)*10000 -> 5543000 | F74: =INDIRECT($J$1&"!H"&ROW()) -> 0 | G74: =H74-F74 -> 5278317 | H74: =SUMIFS($T$3:$T$233,$P$3:$P$233,"수입",$Q$3:$Q$233,C74) -> 5278317 | I74: =H74-E74 -> -264683 | N74: 45688 | O74: 0.097303241 | P74: 지출 | Q74: 고정비 | R74: 교통비 | S74: 티머니지하철 | T74: -4200 | U74: KRW | V74: HYUNDAI BLUE members Family M2 Edition2(그룹사_복지사원증)
A75: =$L$1 -> 202501 | B75: =B74+1 -> 2 | C75: 기타 상여금 | E75: =SUMIFS('수입&예산'!$C$4:$C$11,'수입&예산'!$A$4:$A$11,C75,'수입&예산'!$D$4:$D$11,"M")*10000+SUMIFS('수입&예산'!$C$4:$C$11,'수입&예산'!$A$4:$A$11,C75,'수입&예산'!$D$4:$D$11,"Y",'수입&예산'!$E$4:$E$11,$L$1)*10000 -> 19525199 | F75: =INDIRECT($J$1&"!H"&ROW()) -> 0 | G75: =H75-F75 -> 20828780 | H75: =SUMIFS($T$3:$T$233,$P$3:$P$233,"수입",$Q$3:$Q$233,C75) -> 20828780 | I75: =H75-E75 -> 1303581 | N75: 45688 | O75: 0.41907407 | P75: 지출 | Q75: 고정비 | R75: 부모님 | S75: 현대해상화재보험 | T75: -62690 | U75: KRW | V75: 대한항공카드 030
A76: =$L$1 -> 202501 | B76: =B75+1 -> 3 | C76: 보험금 | E76: =SUMIFS('수입&예산'!$C$4:$C$11,'수입&예산'!$A$4:$A$11,C76,'수입&예산'!$D$4:$D$11,"M")*10000+SUMIFS('수입&예산'!$C$4:$C$11,'수입&예산'!$A$4:$A$11,C76,'수입&예산'!$D$4:$D$11,"Y",'수입&예산'!$E$4:$E$11,$L$1)*10000 -> 0 | F76: =INDIRECT($J$1&"!H"&ROW()) -> 0 | G76: =H76-F76 -> 0 | H76: =SUMIFS($T$3:$T$233,$P$3:$P$233,"수입",$Q$3:$Q$233,C76) -> 0 | I76: =H76-E76 -> 0 | N76: 45688 | O76: 0.42570602 | P76: 지출 | Q76: 고정비 | R76: 용돈 | S76: TISS용돈 | T76: -100000 | U76: KRW | V76: 월급/생활비
A77: =$L$1 -> 202501 | B77: =B76+1 -> 4 | C77: 금융수입 | E77: =SUMIFS('수입&예산'!$C$4:$C$11,'수입&예산'!$A$4:$A$11,C77,'수입&예산'!$D$4:$D$11,"M")*10000+SUMIFS('수입&예산'!$C$4:$C$11,'수입&예산'!$A$4:$A$11,C77,'수입&예산'!$D$4:$D$11,"Y",'수입&예산'!$E$4:$E$11,$L$1)*10000 -> 0 | F77: =INDIRECT($J$1&"!H"&ROW()) -> 0 | G77: =H77-F77 -> 0 | H77: =SUMIFS($T$3:$T$233,$P$3:$P$233,"수입",$Q$3:$Q$233,C77) -> 0 | I77: =H77-E77 -> 0 | N77: 45688 | O77: 0.42578704 | P77: 지출 | Q77: 고정비 | R77: 부모님 | S77: TISS부모님 | T77: -100000 | U77: KRW | V77: 월급/생활비
A78: =$L$1 -> 202501 | B78: =B77+1 -> 5 | C78: 기타 | E78: =SUMIFS('수입&예산'!$C$4:$C$11,'수입&예산'!$A$4:$A$11,C78,'수입&예산'!$D$4:$D$11,"M")*10000+SUMIFS('수입&예산'!$C$4:$C$11,'수입&예산'!$A$4:$A$11,C78,'수입&예산'!$D$4:$D$11,"Y",'수입&예산'!$E$4:$E$11,$L$1)*10000 -> 0 | F78: =INDIRECT($J$1&"!H"&ROW()) -> 0 | G78: =H78-F78 -> 0 | H78: =SUMIFS($T$3:$T$233,$P$3:$P$233,"수입",$Q$3:$Q$233,C78) -> 0 | I78: =H78-E78 -> 0 | N78: 45688 | O78: 0.42578704 | P78: 지출 | Q78: 고정비 | R78: 기흥모임 | S78: 모임(기흥) | T78: -130000 | U78: KRW | V78: 월급/생활비
A79: 합계 | E79: =SUM(E74:E78) -> 25068199 | F79: =SUM(F74:F78) -> 0 | G79: =SUM(G74:G78) -> 26107097 | H79: =SUM(H74:H78) -> 26107097 | I79: =SUM(I74:I78) -> 1038898 | N79: 45688 | O79: 0.51645833 | P79: 지출 | Q79: 고정비 | R79: 구독형서비스 | S79: 쿠쿠홈시스 | T79: -13900 | U79: KRW | V79: 대한항공카드 030
N80: 45688 | O80: 0.64627315 | P80: 수입 | Q80: 기타 상여금 | R80: 미분류 | S80: 현대오토에버(주) | T80: 200000 | U80: KRW | V80: 월급/생활비 | W80: ????
N81: 45688 | O81: 0.83131944 | P81: 지출 | Q81: 고정비 | R81: 보험/연금 | S81: 삼성01000 | T81: -204727 | U81: KRW | V81: 월급/생활비
N82: 45688 | O82: 0.84664352 | P82: 지출 | Q82: 고정비 | R82: 구독형서비스 | S82: NICEPAY | T82: -13900 | U82: KRW | V82: 대한항공카드 030 | W82: 쿠쿠홈시스
N83: 45688 | O83: 0.85030093 | P83: 지출 | Q83: 대출상환 | R83: 디딤돌 | S83: 주택금융공사 | T83: -895849 | U83: KRW | V83: 월급/생활비

Sheet 202502
A1: [지출] | I1: 전월 | J1: 202501 | K1: 당월 | L1: 202502 | N1: [소비 총계] | O1: =SUMIF(P3:P233,"지출",T3:T233) -> -6131264
A2: 대상월 | B2: SN | C2: 대분류 | D2: 중분류 | E2: 예산(기본) | F2: 예산(추가) | G2: 예산(합계) | H2: 전월 소비 | I2: 전월 차액 | J2: 소비 | K2: 예산-소비 | L2: 사용율 | N2: 날짜 | O2: 시간 | P2: 타입 | Q2: 대분류 | R2: 중분류 | S2: 내용 | T2: 금액 | U2: 화폐 | V2: 결제수단 | W2: 메모 | X2: 대상 | Y2: 과소비
A3: =$L$1 -> 202502 | B3: =ROW()-2 -> 1 | C3: 대출상환 | D3: 디딤돌 | E3: =SUMIFS('수입&예산'!$C$15:$C$34,'수입&예산'!$A$15:$A$34,C3,'수입&예산'!$B$15:$B$34,D3)*10000 -> 900000 | F3: 0 | G3: =SUM(E3:F3) -> 900000 | H3: =INDIRECT($J$1&"!J"&ROW()) -> -895849 | I3: =J3-H3 -> 993 | J3: =VLOOKUP(A3,대출!$B$4:$G$363,3,FALSE)*-1 -> -894856 | K3: =G3+J3 -> 5144 | L3: =IF(G3=0,0,-J3/G3) -> 0.99428444 | N3: 45689 | O3: 0.36212963 | P3: 이체 | Q3: 이체 | R3: 미분류 | S3: 차액 | T3: -5395 | U3: KRW | V3: 경기화폐(Tiss)
A4: =$L$1 -> 202502 | B4: =ROW()-2 -> 2 | C4: 고정비 | D4: 용돈 | E4: =SUMIFS('수입&예산'!$G$15:$G$27,'수입&예산'!$A$15:$A$27,C4,'수입&예산'!$B$15:$B$27,D4)*10000 -> 100000 | F4: 0 | G4: =SUM(E4:F4) -> 100000 | H4: =INDIRECT($J$1&"!J"&ROW()) -> -100000 | I4: =J4-H4 -> 0 | J4: =SUMIFS($T$3:$T$233,$P$3:$P$233,"지출",$Q$3:$Q$233,C4,$R$3:$R$233,D4) -> -100000 | K4: =G4+J4 -> 0 | L4: =IF(G4=0,0,-J4/G4) -> 1 | N4: 45689 | O4: 0.36394676 | P4: 이체 | Q4: 이체 | R4: 미분류 | S4: 자산 추가 | T4: 782000 | U4: KRW | V4: 온누리상품권
A5: =$L$1 -> 202502 | B5: =ROW()-2 -> 3 | C5: 고정비 | D5: 휴대폰/인터넷 | E5: =SUMIFS('수입&예산'!$G$15:$G$27,'수입&예산'!$A$15:$A$27,C5,'수입&예산'!$B$15:$B$27,D5)*10000 -> 44000 | F5: 0 | G5: =SUM(E5:F5) -> 44000 | H5: =INDIRECT($J$1&"!J"&ROW()) -> -65890 | I5: =J5-H5 -> -6400 | J5: =SUMIFS($T$3:$T$233,$P$3:$P$233,"지출",$Q$3:$Q$233,C5,$R$3:$R$233,D5) -> -72290 | K5: =G5+J5 -> -28290 | L5: =IF(G5=0,0,-J5/G5) -> 1.6429545 | N5: 45689 | O5: 0.39429398 | P5: 이체 | Q5: 이체 | R5: 미분류 | S5: 티머니569 | T5: 1 | U5: KRW | V5: 월급/생활비
A6: =$L$1 -> 202502 | B6: =ROW()-2 -> 4 | C6: 고정비 | D6: 아파트관리비 | E6: =SUMIFS('수입&예산'!$G$15:$G$27,'수입&예산'!$A$15:$A$27,C6,'수입&예산'!$B$15:$B$27,D6)*10000 -> 330000 | F6: 0 | G6: =SUM(E6:F6) -> 330000 | H6: =INDIRECT($J$1&"!J"&ROW()) -> -367410 | I6: =J6-H6 -> 156160 | J6: =SUMIFS($T$3:$T$233,$P$3:$P$233,"지출",$Q$3:$Q$233,C6,$R$3:$R$233,D6) -> -211250 | K6: =G6+J6 -> 118750 | L6: =IF(G6=0,0,-J6/G6) -> 0.64015152 | N6: 45689 | O6: 0.40708333 | P6: 지출 | Q6: 고정비 | R6: 교통비 | S6: 티머니 | T6: -80000 | U6: KRW | V6: 월급/생활비 | W6: JM 교통비 충전
A7: =$L$1 -> 202502 | B7: =ROW()-2 -> 5 | C7: 고정비 | D7: 기흥모임 | E7: =SUMIFS('수입&예산'!$G$15:$G$27,'수입&예산'!$A$15:$A$27,C7,'수입&예산'!$B$15:$B$27,D7)*10000 -> 130000 | F7: 0 | G7: =SUM(E7:F7) -> 130000 | H7: =INDIRECT($J$1&"!J"&ROW()) -> -130000 | I7: =J7-H7 -> 0 | J7: =SUMIFS($T$3:$T$233,$P$3:$P$233,"지출",$Q$3:$Q$233,C7,$R$3:$R$233,D7) -> -130000 | K7: =G7+J7 -> 0 | L7: =IF(G7=0,0,-J7/G7) -> 1 | N7: 45689 | O7: 0.48016204 | P7: 지출 | Q7: 기타 | R7: 미용 | S7: CJ올리브영_국내 | T7: -23500 | U7: KRW | V7: 대한항공카드 030 | W7: 리들샷
A8: =$L$1 -> 202502 | B8: =ROW()-2 -> 6 | C8: 고정비 | D8: 부모님 | E8: =SUMIFS('수입&예산'!$G$15:$G$27,'수입&예산'!$A$15:$A$27,C8,'수입&예산'!$B$15:$B$27,D8)*10000 -> 171000 | F8: 0 | G8: =SUM(E8:F8) -> 171000 | H8: =INDIRECT($J$1&"!J"&ROW()) -> -162690 | I8: =J8-H8 -> 62690 | J8: =SUMIFS($T$3:$T$233,$P$3:$P$233,"지출",$Q$3:$Q$233,C8,$R$3:$R$233,D8) -> -100000 | K8: =G8+J8 -> 71000 | L8: =IF(G8=0,0,-J8/G8) -> 0.58479532 | N8: 45689 | O8: 0.52059028 | P8: 지출 | Q8: 의료/건강 | R8: 미분류 | S8: 분당내마음정신건강의학과 | T8: -23100 | U8: KRW | V8: 대한항공카드 030
A9: =$L$1 -> 202502 | B9: =ROW()-2 -> 7 | C9: 고정비 | D9: 보험/연금 | E9: =SUMIFS('수입&예산'!$G$15:$G$27,'수입&예산'!$A$15:$A$27,C9,'수입&예산'!$B$15:$B$27,D9)*10000 -> 246000 | F9: 0 | G9: =SUM(E9:F9) -> 246000 | H9: =INDIRECT($J$1&"!J"&ROW()) -> -218959 | I9: =J9-H9 -> -62690 | J9: =SUMIFS($T$3:$T$233,$P$3:$P$233,"지출",$Q$3:$Q$233,C9,$R$3:$R$233,D9) -> -281649 | K9: =G9+J9 -> -35649 | L9: =IF(G9=0,0,-J9/G9) -> 1.1449146 | N9: 45689 | O9: 0.52315972 | P9: 지출 | Q9: 의료/건강 | R9: 약국 | S9: 정자프라자약국 | T9: -5800 | U9: KRW | V9: 대한항공카드 030
A10: =$L$1 -> 202502 | B10: =ROW()-2 -> 8 | C10: 고정비 | D10: 교통비 | E10: =SUMIFS('수입&예산'!$G$15:$G$27,'수입&예산'!$A$15:$A$27,C10,'수입&예산'!$B$15:$B$27,D10)*10000 -> 160000 | F10: 0 | G10: =SUM(E10:F10) -> 160000 | H10: =INDIRECT($J$1&"!J"&ROW()) -> -5800 | I10: =J10-H10 -> -74200 | J10: =SUMIFS($T$3:$T$233,$P$3:$P$233,"지출",$Q$3:$Q$233,C10,$R$3:$R$233,D10) -> -80000 | K10: =G10+J10 -> 80000 | L10: =IF(G10=0,0,-J10/G10) -> 0.5 | N10: 45689 | O10: 0.54458333 | P10: 지출 | Q10: 생활비 | R10: 생활용품 | S10: 다이소아성산업 | T10: -39000 | U10: KRW | V10: 대한항공카드 030 | W10: 리들샷
A11: =$L$1 -> 202502 | B11: =ROW()-2 -> 9 | C11: 고정비 | D11: 구독형서비스 | E11: =SUMIFS('수입&예산'!$G$15:$G$27,'수입&예산'!$A$15:$A$27,C11,'수입&예산'!$B$15:$B$27,D11)*10000 -> 44000 | F11: 0 | G11: =SUM(E11:F11) -> 44000 | H11: =INDIRECT($J$1&"!J"&ROW()) -> -35690 | I11: =J11-H11 -> 27800 | J11: =SUMIFS($T$3:$T$233,$P$3:$P$233,"지출",$Q$3:$Q$233,C11,$R$3:$R$233,D11) -> -7890 | K11: =G11+J11 -> 36110 | L11: =IF(G11=0,0,-J11/G11) -> 0.17931818 | N11: 45689 | O11: 0.55493056 | P11: 지출 | Q11: 생활비 | R11: 기타 | S11: 롯데프리미엄푸드마켓기흥점 | T11: -28900 | U11: KRW | V11: 대한항공카드 030 | W11: 술
A12: =$L$1 -> 202502 | B12: =ROW()-2 -> 10 | C12: 생활비 | E12: =SUMIFS('수입&예산'!$G$15:$G$27,'수입&예산'!$A$15:$A$27,C12)*10000 -> 350000 | F12: 0 | G12: =SUM(E12:F12) -> 350000 | H12: =INDIRECT($J$1&"!J"&ROW()) -> -889769 | I12: =J12-H12 -> 372053 | J12: =SUMIFS($T$3:$T$233,$P$3:$P$233,"지출",$Q$3:$Q$233,C12) -> -517716 | K12: =G12+J12 -> -167716 | L12: =IF(G12=0,0,-J12/G12) -> 1.4791886 | N12: 45689 | O12: 0.55972222 | P12: 지출 | Q12: 생활비 | R12: 식비 | S12: 르봉베이커리 | T12: -4800 | U12: KRW | V12: 경기화폐(JM)
A13: =$L$1 -> 202502 | B13: =ROW()-2 -> 11 | C13: 의료/건강 | E13: =SUMIFS('수입&예산'!$G$15:$G$27,'수입&예산'!$A$15:$A$27,C13)*10000 -> 0 | F13: =-J13 -> 367900 | G13: =SUM(E13:F13) -> 367900 | H13: =INDIRECT($J$1&"!J"&ROW()) -> -2000 | I13: =J13-H13 -> -365900 | J13: =SUMIFS($T$3:$T$233,$P$3:$P$233,"지출",$Q$3:$Q$233,C13) -> -367900 | K13: =G13+J13 -> 0 | L13: =IF(G13=0,0,-J13/G13) -> 1 | N13: 45689 | O13: 0.59813657 | P13: 지출 | Q13: 생활비 | R13: 생활용품 | S13: 쿠팡_쿠페이 | T13: -6490 | U13: KRW | V13: 대한항공카드 030 | W13: 쿠팡-멀티포트 충전기
A14: =$L$1 -> 202502 | B14: =ROW()-2 -> 12 | C14: 모임 | E14: =SUMIFS('수입&예산'!$G$15:$G$27,'수입&예산'!$A$15:$A$27,C14)*10000 -> 0 | F14: =-J14 -> 243950 | G14: =SUM(E14:F14) -> 243950 | H14: =INDIRECT($J$1&"!J"&ROW()) -> -36500 | I14: =J14-H14 -> -207450 | J14: =SUMIFS($T$3:$T$233,$P$3:$P$233,"지출",$Q$3:$Q$233,C14) -> -243950 | K14: =G14+J14 -> 0 | L14: =IF(G14=0,0,-J14/G14) -> 1 | N14: 45690 | O14: 0.4822338 | P14: 지출 | Q14: 기타 | R14: 의복 | S14: 스케쳐스수원영통점 | T14: -98200 | U14: KRW | V14: 대한항공카드 030 | W14: JM 운동화
A15: =$L$1 -> 202502 | B15: =ROW()-2 -> 13 | C15: Tiss | E15: =SUMIFS('수입&예산'!$G$15:$G$27,'수입&예산'!A15:A27,C15,'수입&예산'!$H$15:$H$27,L1)*10000 -> 0 | F15: 0 | G15: =SUM(E15:F15) -> 0 | H15: =INDIRECT($J$1&"!J"&ROW()) -> -63000 | I15: =J15-H15 -> 63000 | J15: =SUMIFS($T$3:$T$233,$P$3:$P$233,"지출",$Q$3:$Q$233,C15) -> 0 | K15: =G15+J15 -> 0 | L15: =IF(G15=0,0,-J15/G15) -> 0 | N15: 45690 | O15: 0.52224537 | P15: 지출 | Q15: 생활비 | R15: 외식 | S15: 진짜순대 | T15: -30000 | U15: KRW | V15: 대한항공카드 030
A16: =$L$1 -> 202502 | B16: =ROW()-2 -> 14 | C16: JM | E16: =SUMIFS('수입&예산'!$G$15:$G$27,'수입&예산'!A16:A28,C16,'수입&예산'!$H$15:$H$27,L2)*10000 -> 0 | F16: 0 | G16: =SUM(E16:F16) -> 0 | H16: =INDIRECT($J$1&"!J"&ROW()) -> 0 | I16: =J16-H16 -> -20690 | J16: =SUMIFS($T$3:$T$233,$P$3:$P$233,"지출",$Q$3:$Q$233,C16) -> -20690 | K16: =G16+J16 -> -20690 | L16: =IF(G16=0,0,-J16/G16) -> 0 | N16: 45690 | O16: 0.55136574 | P16: 지출 | Q16: 기타 | R16: 의복 | S16: 애경자산관리AK기흥 | T16: -44910 | U16: KRW | V16: 대한항공카드 030 | W16: JM 후드티
A17: =$L$1 -> 202502 | B17: =ROW()-2 -> 15 | C17: 세금 | E17: =SUMIFS('수입&예산'!$G$15:$G$27,'수입&예산'!A16:A28,C17,'수입&예산'!$H$15:$H$27,L2)*10000 -> 0 | F17: 0 | G17: =SUM(E17:F17) -> 0 | H17: =INDIRECT($J$1&"!J"&ROW()) -> 0 | I17: =J17-H17 -> 0 | J17: =SUMIFS($T$3:$T$233,$P$3:$P$233,"지출",$Q$3:$Q$233,C17) -> 0 | K17: =G17+J17 -> 0 | L17: =IF(G17=0,0,-J17/G17) -> 0 | N17: 45691 | O17: 0.27662037 | P17: 지출 | Q17: 생활비 | R17: 생활용품 | S17: 쿠팡_쿠페이 | T17: -11650 | U17: KRW | V17: 대한항공카드 030 | W17: 쿠팡-드라이 시트
A18: =$L$1 -> 202502 | B18: =ROW()-2 -> 16 | C18: 기타 | E18: =SUMIFS('수입&예산'!$G$15:$G$27,'수입&예산'!$A$15:$A$27,C18)*10000 -> 350000 | F18: =-J18 -> 3103048 | G18: =SUM(E18:F18) -> 3453048 | H18: =INDIRECT($J$1&"!J"&ROW()) -> -593565 | I18: =J18-H18 -> -2509483 | J18: =SUMIFS($T$3:$T$233,$P$3:$P$233,"지출",$Q$3:$Q$233,C18) -> -3103048 | K18: =G18+J18 -> 350000 | L18: =IF(G18=0,0,-J18/G18) -> 0.89864027 | N18: 45691 | O18: 0.2796412 | P18: 지출 | Q18: JM | R18: 기타 | S18: 쿠팡_쿠페이 | T18: -20690 | U18: KRW | V18: 대한항공카드 030 | W18: JM 스니커즈
A19: 합계 | E19: =SUM(E3:E18) -> 2825000 | F19: =SUM(F3:F18) -> 3714898 | G19: =SUM(G3:G18) -> 6539898 | H19: =SUM(H3:H18) -> -3567122 | I19: =SUM(I3:I18) -> -2564117 | J19: =SUM(J3:J18) -> -6131239 | K19: =SUM(K3:K18) -> 408659 | L19: =IF(G19=0,0,-J19/G19) -> 0.93751294 | N19: 45691 | O19: 0.40172454 | P19: 지출 | Q19: 고정비 | R19: 구독형서비스 | S19: 쿠팡_와우멤버십 | T19: -7890 | U19: KRW | V19: 대한항공카드 030
I20: 예산(기본) 기준 | K20: =E19+J19 -> -3306239 | L20: =IF(E19=0,0,-J19/E19) -> 2.1703501 | N20: 45691 | O20: 0.52462963 | P20: 지출 | Q20: 기타 | R20: 선물 | S20: 카카오선물하기_카카오페이 | T20: -37000 | U20: KRW | V20: 복지포인트 | W20: 최준연책임 생선
N21: 45691 | O21: 0.53658565 | P21: 지출 | Q21: 기타 | R21: 선물 | S21: 카카오_상품권_다날 | T21: -30000 | U21: KRW | V21: 복지포인트 | W21: 김종갑 차장 생선
A22: (상세) | C22: 대분류 | D22: 중분류 | E22: 소비금액 | N22: 45691 | O22: 0.53857639 | P22: 지출 | Q22: 기타 | R22: 선물 | S22: 카카오_다날 | T22: -33000 | U22: KRW | V22: 복지포인트 | W22: 정남용 부장 생선
C23: 생활비 | D23: 식비 | E23: =SUMIFS($T$3:$T$233,$P$3:$P$233,"지출",$Q$3:$Q$233,C23,$R$3:$R$233,D23) -> -304560 | N23: 45691 | O23: 0.73090278 | P23: 지출 | Q23: 기타 | R23: 의복 | S23: 쿠팡_쿠페이 | T23: -9990 | U23: KRW | V23: 대한항공카드 030 | W23: 수면양말
C24: 생활비 | D24: 외식 | E24: =SUMIFS($T$3:$T$233,$P$3:$P$233,"지출",$Q$3:$Q$233,C24,$R$3:$R$233,D24) -> -65500 | N24: 45691 | O24: 0.75609954 | P24: 지출 | Q24: 생활비 | R24: 외식 | S24: 치킨신드롬호프 | T24: -23500 | U24: KRW | V24: KB국민 토심이 첵첵 체크카드(RF)
C25: 생활비 | D25: 생활용품 | E25: =SUMIFS($T$3:$T$233,$P$3:$P$233,"지출",$Q$3:$Q$233,C25,$R$3:$R$233,D25) -> -90000 | N25: 45692 | O25: 0.53195602 | P25: 수입 | Q25: 기타 | R25: 미분류 | S25: 교육비 | T25: 20000 | U25: KRW | V25: 월급/생활비 | W25: JM 하자(1/25)
C26: 생활비 | D26: 기타 | E26: =SUMIFS($T$3:$T$233,$P$3:$P$233,"지출",$Q$3:$Q$233,C26,$R$3:$R$233,D26) -> -57656 | N26: 45692 | O26: 0.53195602 | P26: 수입 | Q26: 기타 | R26: 미분류 | S26: 정운한(꼼꼼하자) | T26: 100000 | U26: KRW | V26: 월급/생활비 | W26: JM 하자(1/26)
C27: 생활비 합계 | E27: =SUM(E21:E26) -> -517716 | N27: 45693 | O27: 0.71278935 | P27: 수입 | Q27: 기타 | R27: 미분류 | S27: 정운한(꼼꼼하자) | T27: 100000 | U27: KRW | V27: 월급/생활비 | W27: JM-하자(2/?)
C28: 모임 | D28: 데이트 | E28: =SUMIFS($T$3:$T$233,$P$3:$P$233,"지출",$Q$3:$Q$233,C28,$R$3:$R$233,D28) -> -243950 | N28: 45694 | O28: 0.80084491 | P28: 지출 | Q28: 기타 | R28: 선물 | S28: 쿠팡_쿠페이 | T28: -102520 | U28: KRW | V28: 대한항공카드 030 | W28: 발렌타인데이
C29: 모임 | D29: 가족 | E29: =SUMIFS($T$3:$T$233,$P$3:$P$233,"지출",$Q$3:$Q$233,C29,$R$3:$R$233,D29) -> 0 | N29: 45695 | O29: 0.43966435 | P29: 지출 | Q29: 의료/건강 | R29: 미분류 | S29: 제일의원 | T29: -75000 | U29: KRW | V29: 대한항공카드 030
C30: 모임 | D30: 기타 | E30: =SUMIFS($T$3:$T$233,$P$3:$P$233,"지출",$Q$3:$Q$233,C30,$R$3:$R$233,D30) -> 0 | N30: 45695 | O30: 0.44399306 | P30: 지출 | Q30: 의료/건강 | R30: 약국 | S30: 한별약국 | T30: -264000 | U30: KRW | V30: 대한항공카드 030
C31: 모임 합계 | E31: =SUM(E28:E30) -> -243950 | N31: 45695 | O31: 0.74157407 | P31: 지출 | Q31: 기타 | R31: 선물 | S31: 쿠팡_쿠페이 | T31: -7900 | U31: KRW | V31: 대한항공카드 030 | W31: 발렌타인데이
C32: 기타 | D32: 경조사 | E32: =SUMIFS($T$3:$T$233,$P$3:$P$233,"지출",$Q$3:$Q$233,C32,$R$3:$R$233,D32) -> 0 | N32: 45696 | O32: 0.72797454 | P32: 지출 | Q32: 기타 | R32: 가전제품 | S32: CJ올리브네트웍스PG인증 | T32: -118000 | U32: KRW | V32: 복지포인트 | W32: 네이버페이-건식 족욕기
C33: 기타 | D33: 미용 | E33: =SUMIFS($T$3:$T$233,$P$3:$P$233,"지출",$Q$3:$Q$233,C33,$R$3:$R$233,D33) -> -89100 | N33: 45697 | O33: 0.0083680556 | P33: 지출 | Q33: 생활비 | R33: 식비 | S33: 네이버페이 | T33: -33500 | U33: KRW | V33: 대한항공카드 030 | W33: 네이버페이-오뎅 스프, 저당질 시리얼
C34: 기타 | D34: 의복 | E34: =SUMIFS($T$3:$T$233,$P$3:$P$233,"지출",$Q$3:$Q$233,C34,$R$3:$R$233,D34) -> -208460 | N34: 45698 | O34: 0.95899306 | P34: 지출 | Q34: 생활비 | R34: 식비 | S34: 쿠팡_쿠페이 | T34: -68960 | U34: KRW | V34: 대한항공카드 030 | W34: 탄산수 초록매실 어묵탕재료 요거트 등
C35: 기타 | D35: 선물 | E35: =SUMIFS($T$3:$T$233,$P$3:$P$233,"지출",$Q$3:$Q$233,C35,$R$3:$R$233,D35) -> -299420 | N35: 45699 | O35: 0.33751157 | P35: 지출 | Q35: 기타 | R35: 가전제품 | S35: 쿠팡_쿠페이 | T35: -12899 | U35: KRW | V35: 대한항공카드 030 | W35: JM 노트20울트라 케이스
C36: 기타 | D36: 교육 | E36: =SUMIFS($T$3:$T$233,$P$3:$P$233,"지출",$Q$3:$Q$233,C36,$R$3:$R$233,D36) -> 0 | N36: 45699 | O36: 0.3415162 | P36: 지출 | Q36: 기타 | R36: 가전제품 | S36: 쿠팡_쿠페이 | T36: -6120 | U36: KRW | V36: 대한항공카드 030 | W36: JM 노트20울트라 카메라보호
C37: 기타 | D37: 기타 | E37: =SUMIFS($T$3:$T$233,$P$3:$P$233,"지출",$Q$3:$Q$233,C37,$R$3:$R$233,D37) -> 0 | N37: 45699 | O37: 0.34777778 | P37: 지출 | Q37: 기타 | R37: 가전제품 | S37: 네이버페이 | T37: -26900 | U37: KRW | V37: 대한항공카드 030 | W37: QI2 보조배터리
C38: 기타 | D38: 취미/운동 | E38: =SUMIFS($T$3:$T$233,$P$3:$P$233,"지출",$Q$3:$Q$233,C38,$R$3:$R$233,D38) -> 0 | N38: 45699 | O38: 0.35552083 | P38: 지출 | Q38: 기타 | R38: 가전제품 | S38: 쿠팡_쿠페이 | T38: -13149 | U38: KRW | V38: 대한항공카드 030 | W38: JM 노트20울트라 액정보호필름
C39: 기타 | D39: 가전제품 | E39: =SUMIFS($T$3:$T$233,$P$3:$P$233,"지출",$Q$3:$Q$233,C39,$R$3:$R$233,D39) -> -2506068 | N39: 45699 | O39: 0.40040509 | P39: 지출 | Q39: 기타 | R39: 의복 | S39: 옥션 | T39: -55360 | U39: KRW | V39: 대한항공카드 030 | W39: 후아유 덤블
C40: 기타 합계 | E40: =SUM(E32:E39) -> -3103048 | N40: 45700 | O40: 0.68715278 | P40: 수입 | Q40: 기타 | R40: 미분류 | S40: 정운한(꼼꼼하자) | T40: 200000 | U40: KRW | V40: 월급/생활비 | W40: JM-하자(2/8~2/9)
C41: Tiss | D41: 택시 | E41: =SUMIFS($T$3:$T$233,$P$3:$P$233,"지출",$Q$3:$Q$233,C41,$R$3:$R$233,D41) -> 0 | N41: 45700 | O41: 0.80619213 | P41: 이체 | Q41: 카드대금 | R41: 미분류 | S41: 현대카드대금 | T41: -1251234 | U41: KRW | V41: 월급/생활비
C42: Tiss | D42: 모임 | E42: =SUMIFS($T$3:$T$233,$P$3:$P$233,"지출",$Q$3:$Q$233,C42,$R$3:$R$233,D42) -> 0 | N42: 45701 | O42: 0.76050926 | P42: 수입 | Q42: 기타 | R42: 미분류 | S42: 남궁유리 | T42: 42000 | U42: KRW | V42: 월급/생활비 | W42: JM-미리캔버스
C43: Tiss | D43: 음료 | E43: =SUMIFS($T$3:$T$233,$P$3:$P$233,"지출",$Q$3:$Q$233,C43,$R$3:$R$233,D43) -> 0 | N43: 45701 | O43: 0.91511574 | P43: 이체 | Q43: 이체 | R43: 미분류 | S43: 박중현 | T43: 25000000 | U43: KRW | V43: 토스뱅크 통장
C44: Tiss | D44: 기타 | E44: =SUMIFS($T$3:$T$233,$P$3:$P$233,"지출",$Q$3:$Q$233,C44,$R$3:$R$233,D44) -> 0 | N44: 45701 | O44: 0.91579861 | P44: 이체 | Q44: 이체 | R44: 미분류 | S44: 박중현 | T44: 25000000 | U44: KRW | V44: 토스뱅크 통장
C45: Tiss 합계 | E45: =SUM(E41:E44) -> 0 | N45: 45701 | O45: 0.91680556 | P45: 이체 | Q45: 미분류 | R45: 미분류 | S45: 채우기 | T45: 50000000 | U45: KRW | V45: 토스뱅크 나눠모으기 통장
C46: JM | D46: 택시 | E46: =SUMIFS($T$3:$T$233,$P$3:$P$233,"지출",$Q$3:$Q$233,C46,$R$3:$R$233,D46) -> 0 | N46: 45701 | O46: 0.91680556 | P46: 이체 | Q46: 미분류 | R46: 미분류 | S46: 비상금통장 | T46: -50000000 | U46: KRW | V46: 토스뱅크 통장
C47: JM | D47: 모임 | E47: =SUMIFS($T$3:$T$233,$P$3:$P$233,"지출",$Q$3:$Q$233,C47,$R$3:$R$233,D47) -> 0 | N47: 45702 | O47: 0.1312037 | P47: 수입 | Q47: 금융수입 | R47: 미분류 | S47: 자동 이자 | T47: 2329 | U47: KRW | V47: 토스뱅크 나눠모으기 통장
C48: JM | D48: 음료 | E48: =SUMIFS($T$3:$T$233,$P$3:$P$233,"지출",$Q$3:$Q$233,C48,$R$3:$R$233,D48) -> 0 | N48: 45702 | O48: 0.44987269 | P48: 지출 | Q48: 생활비 | R48: 기타 | S48: *144원캐쉬백롯데슈퍼 P기 | T48: -28756 | U48: KRW | V48: 월급/생활비 | W48: 롯데마트-술/골든블루 쿼츠
C49: JM | D49: 기타 | E49: =SUMIFS($T$3:$T$233,$P$3:$P$233,"지출",$Q$3:$Q$233,C49,$R$3:$R$233,D49) -> -20690 | N49: 45702 | O49: 0.62726852 | P49: 지출 | Q49: 생활비 | R49: 식비 | S49: 쿠팡_쿠페이 | T49: -28360 | U49: KRW | V49: 대한항공카드 030 | W49: 쿠팡-생크림, 달걀, 바질페스토, 목살
C50: JM 합계 | E50: =SUM(E46:E49) -> -20690 | N50: 45703 | O50: 0.048935185 | P50: 수입 | Q50: 금융수입 | R50: 미분류 | S50: 입금 내역 | T50: 1182 | U50: KRW | V50: 월급/생활비 | W50: 이자
N51: 45703 | O51: 0.12087963 | P51: 수입 | Q51: 금융수입 | R51: 미분류 | S51: 자동 이자 | T51: 2329 | U51: KRW | V51: 토스뱅크 나눠모으기 통장
A52: [보유] | C52: 자산 | H52: 전달 이월 | I52: =INDIRECT(J1&"!I53") -> 163863206 | N52: 45703 | O52: 0.46309028 | P52: 지출 | Q52: 생활비 | R52: 식비 | S52: 쿠팡_쿠페이 | T52: -34200 | U52: KRW | V52: 대한항공카드 030 | W52: 쿠팡-닥터유단백질바
C53: 항목 | D53: 상품명 | E53: 확인일 | F53: 금액 | H53: 월말 잔액 | I53: =SUM(F54:F71) -> 169383306 | N53: 45704 | O53: 0.12155093 | P53: 수입 | Q53: 금융수입 | R53: 미분류 | S53: 자동 이자 | T53: 2329 | U53: KRW | V53: 토스뱅크 나눠모으기 통장
C54: 입출금 | D54: 월급/생활비 | E54: 45717 | F54: 2814243 | H54: 차액 | I54: =I53-I52 -> 5520100 | N54: 45704 | O54: 0.45391204 | P54: 지출 | Q54: 기타 | R54: 미용 | S54: 박승철헤어스투디오AK기흥점 | T54: -28000 | U54: KRW | V54: 대한항공카드 030 | W54: Tiss 헤어컷
D55: 토스뱅크 | E55: 45717 | F55: 47036705 | N55: 45704 | O55: 0.83391204 | P55: 지출 | Q55: 기타 | R55: 미용 | S55: 셀라피 | T55: -37600 | U55: KRW | V55: 네이버페이 간편결제(머니) | W55: 셀라피 에이리페어 크림(100ml x2)
D56: 임시현금 | E56: 45717 | F56: 12000000 | N56: 45704 | O56: 0.83394676 | P56: 이체 | Q56: 이체 | R56: 미분류 | S56: 충전 내역 | T56: 40000 | U56: KRW | V56: 네이버페이 머니
N57: 45704 | O57: 0.83394676 | P57: 이체 | Q57: 이체 | R57: 미분류 | S57: 네이버페이충전 | T57: -40000 | U57: KRW | V57: 월급/생활비
C58: 적금 | D58: 주택청약종합 | E58: 45717 | F58: 6000000 | N58: 45705 | O58: 0.12061343 | P58: 수입 | Q58: 금융수입 | R58: 미분류 | S58: 자동 이자 | T58: 2330 | U58: KRW | V58: 토스뱅크 나눠모으기 통장
C59: 현금 자산 | D59: 경기화폐(Tiss) | E59: 45717 | F59: 136580 | N59: 45705 | O59: 0.55638889 | P59: 지출 | Q59: 기타 | R59: 선물 | S59: 카카오선물하기_카카오페이 | T59: -39000 | U59: KRW | V59: 복지포인트 | W59: 임소현 책임 생선
D60: 경기화폐(JM) | E60: 45717 | F60: 47150 | N60: 45706 | O60: 0.12023148 | P60: 수입 | Q60: 금융수입 | R60: 미분류 | S60: 자동 이자 | T60: 2330 | U60: KRW | V60: 토스뱅크 나눠모으기 통장
D61: 복지포인트 | E61: 45717 | F61: 623450 | N61: 45707 | O61: 0.12180556 | P61: 수입 | Q61: 금융수입 | R61: 미분류 | S61: 자동 이자 | T61: 2330 | U61: KRW | V61: 토스뱅크 나눠모으기 통장
D62: 현금(JM) | E62: 45717 | F62: 7000000 | N62: 45707 | O62: 0.28233796 | P62: 지출 | Q62: 생활비 | R62: 식비 | S62: 쿠팡_쿠페이 | T62: -60000 | U62: KRW | V62: 대한항공카드 030 | W62: 도시락(12), 딸리아뗄레, 트라플포테이토칩, 꼬지, 치킨스톡, 두부볼 등
D63: 온누리상품권 | E63: 45717 | F63: 782000 | N63: 45707 | O63: 0.4105787 | P63: 지출 | Q63: 고정비 | R63: 휴대폰/인터넷 | S63: KT통신요금자동납부 | T63: -50290 | U63: KRW | V63: 대한항공카드 030
C64: 투자(증권) | D64: 주식(S/종합) | E64: 45689 | F64: 42145180 | N64: 45707 | O64: 0.4105787 | P64: 지출 | Q64: 고정비 | R64: 휴대폰/인터넷 | S64: KT인터넷제휴납부 | T64: -22000 | U64: KRW | V64: 대한항공카드 030
D65: 주식(S/ISA) | E65: 45689 | F65: 33583395 | N65: 45707 | O65: 0.72412037 | P65: 수입 | Q65: 기타 상여금 | R65: 미분류 | S65: 오토에버경비 | T65: 55199 | U65: KRW | V65: 월급/생활비
D66: 예수금(S/종합) | E66: 45689 | F66: 649551 | N66: 45707 | O66: 0.75782407 | P66: 수입 | Q66: 기타 | R66: 미분류 | S66: 정운한(꼼꼼하자) | T66: 280000 | U66: KRW | V66: 월급/생활비 | W66: JM-하자(2/15~16)
D67: 예수금(S/ISA) | E67: 45689 | F67: 100970 | N67: 45708 | O67: 0.12071759 | P67: 수입 | Q67: 금융수입 | R67: 미분류 | S67: 자동 이자 | T67: 2330 | U67: KRW | V67: 토스뱅크 나눠모으기 통장
D68: 카카오페이 | E68: 45717 | F68: 1073346 | N68: 45709 | O68: 0.12258102 | P68: 수입 | Q68: 금융수입 | R68: 미분류 | S68: 자동 이자 | T68: 2330 | U68: KRW | V68: 토스뱅크 나눠모으기 통장
C69: 투자(코인) | D69: 코인(업비트) | E69: 45717 | F69: =3866452+2847005 -> 6713457 | N69: 45709 | O69: 0.68809028 | P69: 지출 | Q69: 생활비 | R69: 식비 | S69: 지에스수퍼 기흥역점 | T69: -8130 | U69: KRW | V69: KB국민 토심이 첵첵 체크카드(RF) | W69: GS수퍼-오징어짬뽕(5), 생크림
D70: 현금(업비트) | E70: 45717 | F70: 8677279 | N70: 45709 | O70: 0.93193287 | P70: 이체 | Q70: Tiss 사용(입금완료) | R70: 미분류 | S70: 박중현 | T70: 0 | U70: KRW | V70: 월급/생활비 | W70: 모임(유진, 은주)
N71: 45710 | O71: 0.12289352 | P71: 수입 | Q71: 금융수입 | R71: 미분류 | S71: 자동 이자 | T71: 2330 | U71: KRW | V71: 토스뱅크 나눠모으기 통장
A72: [수입] | N72: 45711 | O72: 0.1246412 | P72: 수입 | Q72: 금융수입 | R72: 미분류 | S72: 자동 이자 | T72: 2330 | U72: KRW | V72: 토스뱅크 나눠모으기 통장
A73: 대상월 | B73: SN | C73: 대분류 | E73: 예정 | F73: 전월 수입 | G73: 전월 차액 | H73: 수입 | I73: 수입-예정 | N73: 45711 | O73: 0.25195602 | P73: 지출 | Q73: 생활비 | R73: 식비 | S73: 쿠팡_쿠페이 | T73: -29430 | U73: KRW | V73: 대한항공카드 030 | W73: 쿠팡-고추장(1kg x2), 스크래퍼
A74: =$L$1 -> 202502 | B74: 1 | C74: 월급 | E74: =SUMIFS('수입&예산'!$C$4:$C$11,'수입&예산'!$A$4:$A$11,C74,'수입&예산'!$D$4:$D$11,"M")*10000+SUMIFS('수입&예산'!$C$4:$C$11,'수입&예산'!$A$4:$A$11,C74,'수입&예산'!$D$4:$D$11,"Y",'수입&예산'!$E$4:$E$11,$L$1)*10000 -> 5543000 | F74: =INDIRECT($J$1&"!H"&ROW()) -> 5278317 | G74: =H74-F74 -> 3157480 | H74: =SUMIFS($T$3:$T$233,$P$3:$P$233,"수입",$Q$3:$Q$233,C74) -> 8435797 | I74: =H74-E74 -> 2892797 | N74: 45711 | O74: 0.34587963 | P74: 이체 | Q74: 이체 | R74: 미분류 | S74: 충전 내역 | T74: 80000 | U74: KRW | V74: 네이버페이 머니
A75: =$L$1 -> 202502 | B75: =B74+1 -> 2 | C75: 기타 상여금 | E75: =SUMIFS('수입&예산'!$C$4:$C$11,'수입&예산'!$A$4:$A$11,C75,'수입&예산'!$D$4:$D$11,"M")*10000+SUMIFS('수입&예산'!$C$4:$C$11,'수입&예산'!$A$4:$A$11,C75,'수입&예산'!$D$4:$D$11,"Y",'수입&예산'!$E$4:$E$11,$L$1)*10000 -> 55199 | F75: =INDIRECT($J$1&"!H"&ROW()) -> 20828780 | G75: =H75-F75 -> -20773581 | H75: =SUMIFS($T$3:$T$233,$P$3:$P$233,"수입",$Q$3:$Q$233,C75) -> 55199 | I75: =H75-E75 -> 0 | N75: 45711 | O75: 0.34587963 | P75: 지출 | Q75: 모임 | R75: 데이트 | S75: 여기어때_국내숙소 | T75: -74700 | U75: KRW | V75: 네이버페이 간편결제(머니) | W75: 온양관광호텔
A76: =$L$1 -> 202502 | B76: =B75+1 -> 3 | C76: 보험금 | E76: =SUMIFS('수입&예산'!$C$4:$C$11,'수입&예산'!$A$4:$A$11,C76,'수입&예산'!$D$4:$D$11,"M")*10000+SUMIFS('수입&예산'!$C$4:$C$11,'수입&예산'!$A$4:$A$11,C76,'수입&예산'!$D$4:$D$11,"Y",'수입&예산'!$E$4:$E$11,$L$1)*10000 -> 0 | F76: =INDIRECT($J$1&"!H"&ROW()) -> 0 | G76: =H76-F76 -> 0 | H76: =SUMIFS($T$3:$T$233,$P$3:$P$233,"수입",$Q$3:$Q$233,C76) -> 0 | I76: =H76-E76 -> 0 | N76: 45711 | O76: 0.34587963 | P76: 이체 | Q76: 이체 | R76: 미분류 | S76: 네이버페이충전 | T76: -80000 | U76: KRW | V76: 월급/생활비
A77: =$L$1 -> 202502 | B77: =B76+1 -> 4 | C77: 금융수입 | E77: =SUMIFS('수입&예산'!$C$4:$C$11,'수입&예산'!$A$4:$A$11,C77,'수입&예산'!$D$4:$D$11,"M")*10000+SUMIFS('수입&예산'!$C$4:$C$11,'수입&예산'!$A$4:$A$11,C77,'수입&예산'!$D$4:$D$11,"Y",'수입&예산'!$E$4:$E$11,$L$1)*10000 -> 0 | F77: =INDIRECT($J$1&"!H"&ROW()) -> 0 | G77: =H77-F77 -> 37887 | H77: =SUMIFS($T$3:$T$233,$P$3:$P$233,"수입",$Q$3:$Q$233,C77) -> 37887 | I77: =H77-E77 -> 37887 | N77: 45711 | O77: 0.50215278 | P77: 지출 | Q77: 모임 | R77: 데이트 | S77: 학화호두과자 | T77: -4000 | U77: KRW | V77: 복지포인트
A78: =$L$1 -> 202502 | B78: =B77+1 -> 5 | C78: 기타 | E78: =SUMIFS('수입&예산'!$C$4:$C$11,'수입&예산'!$A$4:$A$11,C78,'수입&예산'!$D$4:$D$11,"M")*10000+SUMIFS('수입&예산'!$C$4:$C$11,'수입&예산'!$A$4:$A$11,C78,'수입&예산'!$D$4:$D$11,"Y",'수입&예산'!$E$4:$E$11,$L$1)*10000 -> 0 | F78: =INDIRECT($J$1&"!H"&ROW()) -> 0 | G78: =H78-F78 -> 842001 | H78: =SUMIFS($T$3:$T$233,$P$3:$P$233,"수입",$Q$3:$Q$233,C78) -> 842001 | I78: =H78-E78 -> 842001 | N78: 45711 | O78: 0.53787037 | P78: 지출 | Q78: 모임 | R78: 데이트 | S78: 이모네가정식백반 | T78: -22000 | U78: KRW | V78: 대한항공카드 030
A79: 합계 | E79: =SUM(E74:E78) -> 5598199 | F79: =SUM(F74:F78) -> 26107097 | G79: =SUM(G74:G78) -> -16736213 | H79: =SUM(H74:H78) -> 9370884 | I79: =SUM(I74:I78) -> 3772685 | N79: 45711 | O79: 0.55021991 | P79: 지출 | Q79: 모임 | R79: 데이트 | S79: 천안타운홀운영위원회 | T79: -6500 | U79: KRW | V79: 대한항공카드 030
N80: 45711 | O80: 0.67967593 | P80: 지출 | Q80: 생활비 | R80: 생활용품 | S80: 올리브영천안역점 | T80: -11000 | U80: KRW | V80: 복지포인트 | W80: 치실
N81: 45711 | O81: 0.6928125 | P81: 지출 | Q81: 모임 | R81: 데이트 | S81: 카카오_택시9 | T81: -7600 | U81: KRW | V81: 대한항공카드 030
N82: 45711 | O82: 0.69800926 | P82: 지출 | Q82: 모임 | R82: 데이트 | S82: 백미한우정육점 | T82: -80550 | U82: KRW | V82: 복지포인트 | W82: w/율
N83: 45711 | O83: 0.73960648 | P83: 지출 | Q83: 모임 | R83: 데이트 | S83: 백미한우정육점 | T83: -28500 | U83: KRW | V83: 대한항공카드 030 | W83: w/율
N84: 45711 | O84: 0.78431713 | P84: 지출 | Q84: 모임 | R84: 데이트 | S84: 이마트24아산관광호텔점 | T84: -3700 | U84: KRW | V84: 대한항공카드 030
N85: 45712 | O85: 0.12380787 | P85: 수입 | Q85: 금융수입 | R85: 미분류 | S85: 자동 이자 | T85: 2331 | U85: KRW | V85: 토스뱅크 나눠모으기 통장
N86: 45712 | O86: 0.39428241 | P86: 지출 | Q86: 모임 | R86: 데이트 | S86: 이마트24아산관광호텔점 | T86: -2400 | U86: KRW | V86: 대한항공카드 030
N87: 45712 | O87: 0.46803241 | P87: 지출 | Q87: 모임 | R87: 데이트 | S87: 명물짜장 | T87: -14000 | U87: KRW | V87: 복지포인트
N88: 45712 | O88: 0.56513889 | P88: 지출 | Q88: 고정비 | R88: 아파트관리비 | S88: 아파트관리비 | T88: -211250 | U88: KRW | V88: 대한항공카드 030
N89: 45712 | O89: 0.63423611 | P89: 지출 | Q89: 생활비 | R89: 식비 | S89: 쿠팡_쿠페이 | T89: -33200 | U89: KRW | V89: 대한항공카드 030
N90: 45712 | O90: 0.81378472 | P90: 지출 | Q90: 고정비 | R90: 보험/연금 | S90: 삼성화02019 | T90: -14232 | U90: KRW | V90: 월급/생활비
N91: 45713 | O91: 0.12686343 | P91: 수입 | Q91: 금융수입 | R91: 미분류 | S91: 자동 이자 | T91: 2331 | U91: KRW | V91: 토스뱅크 나눠모으기 통장
N92: 45713 | O92: 0.25327546 | P92: 수입 | Q92: 월급 | R92: 미분류 | S92: 급여현대오토에버 | T92: 8435797 | U92: KRW | V92: 월급/생활비
N93: 45713 | O93: 0.40798611 | P93: 지출 | Q93: 고정비 | R93: 기흥모임 | S93: 모임(기흥) | T93: -130000 | U93: KRW | V93: 월급/생활비
N94: 45713 | O94: 0.40798611 | P94: 지출 | Q94: 고정비 | R94: 부모님 | S94: TISS부모님 | T94: -100000 | U94: KRW | V94: 월급/생활비
N95: 45713 | O95: 0.42033565 | P95: 지출 | Q95: 고정비 | R95: 용돈 | S95: TISS용돈 | T95: -100000 | U95: KRW | V95: 월급/생활비
... N104: 45714 | O104: 0.13081019 | P104: 수입 | Q104: 금융수입 | R104: 미분류 | S104: 자동 이자 | T104: 2186 | U104: KRW | V104: 토스뱅크 나눠모으기 통장
N105: 45714 | O105: 0.73137731 | P105: 수입 | Q105: 기타 | R105: 미분류 | S105: 정운한(꼼꼼하자) | T105: 100000 | U105: KRW | V105: 월급/생활비 | W105: JM-하자(2/22)
N106: 45714 | O106: 0.77570602 | P106: 지출 | Q106: 생활비 | R106: 식비 | S106: GS수퍼기흥역점 | T106: -1980 | U106: KRW | V106: HYUNDAI BLUE members Family M2 Edition2(그룹사_복지사원증) | W106: 왕뚜껑 짬뽕(x2)
N107: 45714 | O107: 0.80186343 | P107: 지출 | Q107: 대출상환 | R107: 디딤돌 | S107: 주택금융공사 | T107: -143758 | U107: KRW | V107: 월급/생활비
N108: 45715 | O108: 0.1297338 | P108: 수입 | Q108: 금융수입 | R108: 미분류 | S108: 자동 이자 | T108: 2186 | U108: KRW | V108: 토스뱅크 나눠모으기 통장
...

Sheet 202503
A1: [지출] | I1: 전월 | J1: 202502 | K1: 당월 | L1: 202503 | N1: [소비 총계] | O1: =SUMIF(P3:P233,"지출",T3:T233) -> -3807369
A2: 대상월 | B2: SN | C2: 대분류 | D2: 중분류 | E2: 예산(기본) | F2: 예산(추가) | G2: 예산(합계) | H2: 전월 소비 | I2: 전월 차액 | J2: 소비 | K2: 예산-소비 | L2: 사용율 | N2: 날짜 | O2: 시간 | P2: 타입 | Q2: 대분류 | R2: 중분류 | S2: 내용 | T2: 금액 | U2: 화폐 | V2: 결제수단 | W2: 메모 | X2: 대상 | Y2: 과소비
A3: =$L$1 -> 202503 | B3: =ROW()-2 -> 1 | C3: 대출상환 | D3: 디딤돌 | E3: =SUMIFS('수입&예산'!$C$15:$C$34,'수입&예산'!$A$15:$A$34,C3,'수입&예산'!$B$15:$B$34,D3)*10000 -> 900000 | F3: 0 | G3: =SUM(E3:F3) -> 900000 | H3: =INDIRECT($J$1&"!J"&ROW()) -> -894856 | I3: =J3-H3 -> 33922 | J3: =VLOOKUP(A3,대출!$B$4:$G$363,3,FALSE)*-1 -> -860934 | K3: =G3+J3 -> 39066 | L3: =IF(G3=0,0,-J3/G3) -> 0.95659333 | N3: 45717 | O3: 0.13719907 | P3: 수입 | Q3: 금융수입 | R3: 미분류 | S3: 자동 이자 | T3: 2187 | U3: KRW | V3: 토스뱅크 나눠모으기 통장
A4: =$L$1 -> 202503 | B4: =ROW()-2 -> 2 | C4: 고정비 | D4: 용돈 | E4: =SUMIFS('수입&예산'!$G$15:$G$27,'수입&예산'!$A$15:$A$27,C4,'수입&예산'!$B$15:$B$27,D4)*10000 -> 100000 | F4: 0 | G4: =SUM(E4:F4) -> 100000 | H4: =INDIRECT($J$1&"!J"&ROW()) -> -100000 | I4: =J4-H4 -> 0 | J4: =SUMIFS($T$3:$T$233,$P$3:$P$233,"지출",$Q$3:$Q$233,C4,$R$3:$R$233,D4) -> -100000 | K4: =G4+J4 -> 0 | L4: =IF(G4=0,0,-J4/G4) -> 1 | N4: 45717 | O4: 0.37614583 | P4: 지출 | Q4: 생활비 | R4: 외식 | S4: 쿠팡이츠 | T4: -26300 | U4: KRW | V4: 대한항공카드 030 | W4: 이삭토스트
A5: =$L$1 -> 202503 | B5: =ROW()-2 -> 3 | C5: 고정비 | D5: 휴대폰/인터넷 | E5: =SUMIFS('수입&예산'!$G$15:$G$27,'수입&예산'!$A$15:$A$27,C5,'수입&예산'!$B$15:$B$27,D5)*10000 -> 44000 | F5: 0 | G5: =SUM(E5:F5) -> 44000 | H5: =INDIRECT($J$1&"!J"&ROW()) -> -72290 | I5: =J5-H5 -> 8600 | J5: =SUMIFS($T$3:$T$233,$P$3:$P$233,"지출",$Q$3:$Q$233,C5,$R$3:$R$233,D5) -> -63690 | K5: =G5+J5 -> -19690 | L5: =IF(G5=0,0,-J5/G5) -> 1.4475 | N5: 45717 | O5: 0.65747685 | P5: 지출 | Q5: 고정비 | R5: 교통비 | S5: 티머니 | T5: -80000 | U5: KRW | V5: 월급/생활비 | W5: JM 교통카드
A6: =$L$1 -> 202503 | B6: =ROW()-2 -> 4 | C6: 고정비 | D6: 아파트관리비 | E6: =SUMIFS('수입&예산'!$G$15:$G$27,'수입&예산'!$A$15:$A$27,C6,'수입&예산'!$B$15:$B$27,D6)*10000 -> 330000 | F6: 0 | G6: =SUM(E6:F6) -> 330000 | H6: =INDIRECT($J$1&"!J"&ROW()) -> -211250 | I6: =J6-H6 -> -100890 | J6: =SUMIFS($T$3:$T$233,$P$3:$P$233,"지출",$Q$3:$Q$233,C6,$R$3:$R$233,D6) -> -312140 | K6: =G6+J6 -> 17860 | L6: =IF(G6=0,0,-J6/G6) -> 0.94587879 | N6: 45717 | O6: 0.86577546 | P6: 지출 | Q6: 생활비 | R6: 생활용품 | S6: 쿠팡_쿠페이 | T6: -36740 | U6: KRW | V6: 대한항공카드 030 | W6: 쿠팡-변기 청소 용품
A7: =$L$1 -> 202503 | B7: =ROW()-2 -> 5 | C7: 고정비 | D7: 기흥모임 | E7: =SUMIFS('수입&예산'!$G$15:$G$27,'수입&예산'!$A$15:$A$27,C7,'수입&예산'!$B$15:$B$27,D7)*10000 -> 130000 | F7: 0 | G7: =SUM(E7:F7) -> 130000 | H7: =INDIRECT($J$1&"!J"&ROW()) -> -130000 | I7: =J7-H7 -> 0 | J7: =SUMIFS($T$3:$T$233,$P$3:$P$233,"지출",$Q$3:$Q$233,C7,$R$3:$R$233,D7) -> -130000 | K7: =G7+J7 -> 0 | L7: =IF(G7=0,0,-J7/G7) -> 1 | N7: 45717 | O7: 0.86851852 | P7: 지출 | Q7: Tiss | R7: 기타 | S7: 쿠팡_쿠페이 | T7: -123310 | U7: KRW | V7: 대한항공카드 030 | W7: 쿠팡-레드미 워치5
A8: =$L$1 -> 202503 | B8: =ROW()-2 -> 6 | C8: 고정비 | D8: 부모님 | E8: =SUMIFS('수입&예산'!$G$15:$G$27,'수입&예산'!$A$15:$A$27,C8,'수입&예산'!$B$15:$B$27,D8)*10000 -> 171000 | F8: 0 | G8: =SUM(E8:F8) -> 171000 | H8: =INDIRECT($J$1&"!J"&ROW()) -> -100000 | I8: =J8-H8 -> 0 | J8: =SUMIFS($T$3:$T$233,$P$3:$P$233,"지출",$Q$3:$Q$233,C8,$R$3:$R$233,D8) -> -100000 | K8: =G8+J8 -> 71000 | L8: =IF(G8=0,0,-J8/G8) -> 0.58479532 | N8: 45717 | O8: 0.87753472 | P8: 이체 | Q8: 이체 | R8: 미분류 | S8: 네이버페이충전 | T8: -30000 | U8: KRW | V8: 월급/생활비
A9: =$L$1 -> 202503 | B9: =ROW()-2 -> 7 | C9: 고정비 | D9: 보험/연금 | E9: =SUMIFS('수입&예산'!$G$15:$G$27,'수입&예산'!$A$15:$A$27,C9,'수입&예산'!$B$15:$B$27,D9)*10000 -> 246000 | F9: 0 | G9: =SUM(E9:F9) -> 246000 | H9: =INDIRECT($J$1&"!J"&ROW()) -> -281649 | I9: =J9-H9 -> -20216 | J9: =SUMIFS($T$3:$T$233,$P$3:$P$233,"지출",$Q$3:$Q$233,C9,$R$3:$R$233,D9) -> -301865 | K9: =G9+J9 -> -55865 | L9: =IF(G9=0,0,-J9/G9) -> 1.2270935 | N9: 45717 | O9: 0.87753472 | P9: 이체 | Q9: 이체 | R9: 미분류 | S9: 충전 내역 | T9: 30000 | U9: KRW | V9: 네이버페이 머니
A10: =$L$1 -> 202503 | B10: =ROW()-2 -> 8 | C10: 고정비 | D10: 교통비 | E10: =SUMIFS('수입&예산'!$G$15:$G$27,'수입&예산'!$A$15:$A$27,C10,'수입&예산'!$B$15:$B$27,D10)*10000 -> 160000 | F10: 0 | G10: =SUM(E10:F10) -> 160000 | H10: =INDIRECT($J$1&"!J"&ROW()) -> -80000 | I10: =J10-H10 -> -96410 | J10: =SUMIFS($T$3:$T$233,$P$3:$P$233,"지출",$Q$3:$Q$233,C10,$R$3:$R$233,D10) -> -176410 | K10: =G10+J10 -> -16410 | L10: =IF(G10=0,0,-J10/G10) -> 1.1025625 | N10: 45717 | O10: 0.88055556 | P10: 지출 | Q10: 생활비 | R10: 생활용품 | S10: 네이버페이 | T10: -26760 | U10: KRW | V10: 네이버페이 머니 | W10: 스코코-필름(LG gram+레드미 워치5)
A11: =$L$1 -> 202503 | B11: =ROW()-2 -> 9 | C11: 고정비 | D11: 구독형서비스 | E11: =SUMIFS('수입&예산'!$G$15:$G$27,'수입&예산'!$A$15:$A$27,C11,'수입&예산'!$B$15:$B$27,D11)*10000 -> 44000 | F11: 0 | G11: =SUM(E11:F11) -> 44000 | H11: =INDIRECT($J$1&"!J"&ROW()) -> -7890 | I11: =J11-H11 -> -13900 | J11: =SUMIFS($T$3:$T$233,$P$3:$P$233,"지출",$Q$3:$Q$233,C11,$R$3:$R$233,D11) -> -21790 | K11: =G11+J11 -> 22210 | L11: =IF(G11=0,0,-J11/G11) -> 0.49522727 | N11: 45718 | O11: 0.13248843 | P11: 수입 | Q11: 금융수입 | R11: 미분류 | S11: 자동 이자 | T11: 2187 | U11: KRW | V11: 토스뱅크 나눠모으기 통장
A12: =$L$1 -> 202503 | B12: =ROW()-2 -> 10 | C12: 생활비 | E12: =SUMIFS('수입&예산'!$G$15:$G$27,'수입&예산'!$A$15:$A$27,C12)*10000 -> 350000 | F12: 0 | G12: =SUM(E12:F12) -> 350000 | H12: =INDIRECT($J$1&"!J"&ROW()) -> -517716 | I12: =J12-H12 -> -369794 | J12: =SUMIFS($T$3:$T$233,$P$3:$P$233,"지출",$Q$3:$Q$233,C12) -> -887510 | K12: =G12+J12 -> -537510 | L12: =IF(G12=0,0,-J12/G12) -> 2.5357429 | N12: 45719 | O12: 0.12931713 | P12: 수입 | Q12: 금융수입 | R12: 미분류 | S12: 자동 이자 | T12: 2187 | U12: KRW | V12: 토스뱅크 나눠모으기 통장
A13: =$L$1 -> 202503 | B13: =ROW()-2 -> 11 | C13: 의료/건강 | E13: =SUMIFS('수입&예산'!$G$15:$G$27,'수입&예산'!$A$15:$A$27,C13)*10000 -> 0 | F13: =-J13 -> 151500 | G13: =SUM(E13:F13) -> 151500 | H13: =INDIRECT($J$1&"!J"&ROW()) -> -367900 | I13: =J13-H13 -> 216400 | J13: =SUMIFS($T$3:$T$233,$P$3:$P$233,"지출",$Q$3:$Q$233,C13) -> -151500 | K13: =G13+J13 -> 0 | L13: =IF(G13=0,0,-J13/G13) -> 1 | N13: 45719 | O13: 0.40181713 | P13: 지출 | Q13: 고정비 | R13: 구독형서비스 | S13: 쿠팡_와우멤버십 | T13: -7890 | U13: KRW | V13: 대한항공카드 030
A14: =$L$1 -> 202503 | B14: =ROW()-2 -> 12 | C14: 모임 | E14: =SUMIFS('수입&예산'!$G$15:$G$27,'수입&예산'!$A$15:$A$27,C14)*10000 -> 0 | F14: =-J14 -> 146920 | G14: =SUM(E14:F14) -> 146920 | H14: =INDIRECT($J$1&"!J"&ROW()) -> -243950 | I14: =J14-H14 -> 97030 | J14: =SUMIFS($T$3:$T$233,$P$3:$P$233,"지출",$Q$3:$Q$233,C14) -> -146920 | K14: =G14+J14 -> 0 | L14: =IF(G14=0,0,-J14/G14) -> 1 | N14: 45719 | O14: 0.71978009 | P14: 지출 | Q14: 의료/건강 | R14: 약국 | S14: 3층 온누리약국 | T14: -18500 | U14: KRW | V14: KB국민 토심이 첵첵 체크카드(RF)
A15: =$L$1 -> 202503 | B15: =ROW()-2 -> 13 | C15: Tiss | E15: =SUMIFS('수입&예산'!$G$15:$G$27,'수입&예산'!A15:A27,C15,'수입&예산'!$H$15:$H$27,L1)*10000 -> 0 | F15: 0 | G15: =SUM(E15:F15) -> 0 | H15: =INDIRECT($J$1&"!J"&ROW()) -> 0 | I15: =J15-H15 -> -138830 | J15: =SUMIFS($T$3:$T$233,$P$3:$P$233,"지출",$Q$3:$Q$233,C15) -> -138830 | K15: =G15+J15 -> -138830 | L15: =IF(G15=0,0,-J15/G15) -> 0 | N15: 45719 | O15: 0.82398148 | P15: 지출 | Q15: Tiss | R15: 기타 | S15: 쿠팡_쿠페이 | T15: -4320 | U15: KRW | V15: 대한항공카드 030 | W15: 컴퓨터 싸인펜
A16: =$L$1 -> 202503 | B16: =ROW()-2 -> 14 | C16: JM | E16: =SUMIFS('수입&예산'!$G$15:$G$27,'수입&예산'!A16:A28,C16,'수입&예산'!$H$15:$H$27,L2)*10000 -> 0 | F16: 0 | G16: =SUM(E16:F16) -> 0 | H16: =INDIRECT($J$1&"!J"&ROW()) -> -20690 | I16: =J16-H16 -> 20690 | J16: =SUMIFS($T$3:$T$233,$P$3:$P$233,"지출",$Q$3:$Q$233,C16) -> 0 | K16: =G16+J16 -> 0 | L16: =IF(G16=0,0,-J16/G16) -> 0 | N16: 45720 | O16: 0.15297454 | P16: 수입 | Q16: 금융수입 | R16: 미분류 | S16: 자동 이자 | T16: 2187 | U16: KRW | V16: 토스뱅크 나눠모으기 통장
A17: =$L$1 -> 202503 | B17: =ROW()-2 -> 15 | C17: 세금 | E17: =SUMIFS('수입&예산'!$G$15:$G$27,'수입&예산'!A16:A28,C17,'수입&예산'!$H$15:$H$27,L2)*10000 -> 0 | F17: 0 | G17: =SUM(E17:F17) -> 0 | H17: =INDIRECT($J$1&"!J"&ROW()) -> 0 | I17: =J17-H17 -> 0 | J17: =SUMIFS($T$3:$T$233,$P$3:$P$233,"지출",$Q$3:$Q$233,C17) -> 0 | K17: =G17+J17 -> 0 | L17: =IF(G17=0,0,-J17/G17) -> 0 | N17: 45721 | O17: 0.15266204 | P17: 수입 | Q17: 금융수입 | R17: 미분류 | S17: 자동 이자 | T17: 2187 | U17: KRW | V17: 토스뱅크 나눠모으기 통장
A18: =$L$1 -> 202503 | B18: =ROW()-2 -> 16 | C18: 기타 | E18: =SUMIFS('수입&예산'!$G$15:$G$27,'수입&예산'!$A$15:$A$27,C18)*10000 -> 350000 | F18: =-J18 -> 415780 | G18: =SUM(E18:F18) -> 765780 | H18: =INDIRECT($J$1&"!J"&ROW()) -> -3103048 | I18: =J18-H18 -> 2687268 | J18: =SUMIFS($T$3:$T$233,$P$3:$P$233,"지출",$Q$3:$Q$233,C18) -> -415780 | K18: =G18+J18 -> 350000 | L18: =IF(G18=0,0,-J18/G18) -> 0.54294967 | N18: 45721 | O18: 0.47796296 | P18: 이체 | Q18: 이체 | R18: 미분류 | S18: 꺼내기 | T18: -3000000 | U18: KRW | V18: 토스뱅크 나눠모으기 통장
A19: 합계 | E19: =SUM(E3:E18) -> 2825000 | F19: =SUM(F3:F18) -> 714200 | G19: =SUM(G3:G18) -> 3539200 | H19: =SUM(H3:H18) -> -6131239 | I19: =SUM(I3:I18) -> 2323870 | J19: =SUM(J3:J18) -> -3807369 | K19: =SUM(K3:K18) -> -268169 | L19: =IF(G19=0,0,-J19/G19) -> 1.0757711 | N19: 45721 | O19: 0.47796296 | P19: 이체 | Q19: 이체 | R19: 미분류 | S19: 비상금통장 | T19: 3000000 | U19: KRW | V19: 토스뱅크 통장
I20: 예산(기본) 기준 | K20: =E19+J19 -> -982369 | L20: =IF(E19=0,0,-J19/E19) -> 1.3477412 | N20: 45721 | O20: 0.47814815 | P20: 이체 | Q20: 이체 | R20: 미분류 | S20: 박중현 | T20: -3000000 | U20: KRW | V20: 토스뱅크 통장
N21: 45721 | O21: 0.47815972 | P21: 이체 | Q21: 이체 | R21: 미분류 | S21: 박중현 | T21: 3000000 | U21: KRW | V21: 월급/생활비
A22: (상세) | C22: 대분류 | D22: 중분류 | E22: 소비금액 | N22: 45722 | O22: 0.15215278 | P22: 수입 | Q22: 금융수입 | R22: 미분류 | S22: 자동 이자 | T22: 2053 | U22: KRW | V22: 토스뱅크 나눠모으기 통장
C23: 생활비 | D23: 식비 | E23: =SUMIFS($T$3:$T$233,$P$3:$P$233,"지출",$Q$3:$Q$233,C23,$R$3:$R$233,D23) -> -468480 | N23: 45722 | O23: 0.67930556 | P23: 지출 | Q23: 의료/건강 | R23: 미분류 | S23: 연세속앤마디편한의원 | T23: -10000 | U23: KRW | V23: KB국민 토심이 첵첵 체크카드(RF) | W23: JM-수액(96,200-86,200)
C24: 생활비 | D24: 외식 | E24: =SUMIFS($T$3:$T$233,$P$3:$P$233,"지출",$Q$3:$Q$233,C24,$R$3:$R$233,D24) -> -311900 | N24: 45722 | O24: 0.68028935 | P24: 지출 | Q24: 의료/건강 | R24: 약국 | S24: 3층 온누리약국 | T24: -3900 | U24: KRW | V24: KB국민 토심이 첵첵 체크카드(RF)
C25: 생활비 | D25: 생활용품 | E25: =SUMIFS($T$3:$T$233,$P$3:$P$233,"지출",$Q$3:$Q$233,C25,$R$3:$R$233,D25) -> -80170 | N25: 45722 | O25: 0.75782407 | P25: 지출 | Q25: 생활비 | R25: 외식 | S25: 기흥역 국수 | T25: -10500 | U25: KRW | V25: KB국민 토심이 첵첵 체크카드(RF)
C26: 생활비 | D26: 기타 | E26: =SUMIFS($T$3:$T$233,$P$3:$P$233,"지출",$Q$3:$Q$233,C26,$R$3:$R$233,D26) -> -26960 | N26: 45722 | O26: 0.76678241 | P26: 지출 | Q26: 생활비 | R26: 외식 | S26: 르봉베이커리(LE BON BAKERY) | T26: -11500 | U26: KRW | V26: KB국민 토심이 첵첵 체크카드(RF)
C27: 생활비 합계 | E27: =SUM(E21:E26) -> -887510 | N27: 45723 | O27: 0.16711806 | P27: 수입 | Q27: 금융수입 | R27: 미분류 | S27: 자동 이자 | T27: 2053 | U27: KRW | V27: 토스뱅크 나눠모으기 통장
C28: 모임 | D28: 데이트 | E28: =SUMIFS($T$3:$T$233,$P$3:$P$233,"지출",$Q$3:$Q$233,C28,$R$3:$R$233,D28) -> 0 | N28: 45723 | O28: 0.47986111 | P28: 지출 | Q28: 기타 | R28: 의복 | S28: 쿠팡 | T28: -35910 | U28: KRW | V28: 대한항공카드 030 | W28: JM-구두
C29: 모임 | D29: 가족 | E29: =SUMIFS($T$3:$T$233,$P$3:$P$233,"지출",$Q$3:$Q$233,C29,$R$3:$R$233,D29) -> -146920 | N29: 45723 | O29: 0.48128472 | P29: 지출 | Q29: 생활비 | R29: 생활용품 | S29: 쿠팡_쿠페이 | T29: -9220 | U29: KRW | V29: 대한항공카드 030 | W29: 3M 플래그
C30: 모임 | D30: 기타 | E30: =SUMIFS($T$3:$T$233,$P$3:$P$233,"지출",$Q$3:$Q$233,C30,$R$3:$R$233,D30) -> 0 | N30: 45723 | O30: 0.48883102 | P30: 지출 | Q30: 생활비 | R30: 식비 | S30: 쿠팡_쿠페이 | T30: -37610 | U30: KRW | V30: 대한항공카드 030 | W30: 어묵, 버섯, 베이컨, 두부, 순두부
C31: 모임 합계 | E31: =SUM(E28:E30) -> -146920 | N31: 45724 | O31: 0.16609954 | P31: 수입 | Q31: 금융수입 | R31: 미분류 | S31: 자동 이자 | T31: 1842 | U31: KRW | V31: 토스뱅크 나눠모으기 통장
C32: 기타 | D32: 경조사 | E32: =SUMIFS($T$3:$T$233,$P$3:$P$233,"지출",$Q$3:$Q$233,C32,$R$3:$R$233,D32) -> 0 | N32: 45724 | O32: 0.51056713 | P32: 지출 | Q32: 생활비 | R32: 식비 | S32: 롯데프리미엄푸드마켓기흥점 | T32: -45630 | U32: KRW | V32: 대한항공카드 030 | W32: 양장피, 크런치치킨, 육개장(x2), 가리비무침, 맥주(x4)
C33: 기타 | D33: 미용 | E33: =SUMIFS($T$3:$T$233,$P$3:$P$233,"지출",$Q$3:$Q$233,C33,$R$3:$R$233,D33) -> -224759 | N33: 45724 | O33: 0.67243056 | P33: 지출 | Q33: 생활비 | R33: 식비 | S33: 쿠팡_쿠페이 | T33: -15180 | U33: KRW | V33: 대한항공카드 030 | W33: 쿠팡-제육볶음, 모둠쌈, 마늘, 쌈무
C34: 기타 | D34: 의복 | E34: =SUMIFS($T$3:$T$233,$P$3:$P$233,"지출",$Q$3:$Q$233,C34,$R$3:$R$233,D34) -> -81910 | N34: 45724 | O34: 0.89034722 | P34: 지출 | Q34: 생활비 | R34: 식비 | S34: 쿠팡_쿠페이 | T34: -19920 | U34: KRW | V34: 대한항공카드 030 | W34: 쿠팡-소고기(국거리)
C35: 기타 | D35: 선물 | E35: =SUMIFS($T$3:$T$233,$P$3:$P$233,"지출",$Q$3:$Q$233,C35,$R$3:$R$233,D35) -> 0 | N35: 45725 | O35: 0.16322917 | P35: 수입 | Q35: 금융수입 | R35: 미분류 | S35: 자동 이자 | T35: 1842 | U35: KRW | V35: 토스뱅크 나눠모으기 통장
C36: 기타 | D36: 교육 | E36: =SUMIFS($T$3:$T$233,$P$3:$P$233,"지출",$Q$3:$Q$233,C36,$R$3:$R$233,D36) -> 0 | N36: 45725 | O36: 0.86030093 | P36: 지출 | Q36: 생활비 | R36: 식비 | S36: 쿠팡_쿠페이 | T36: -16980 | U36: KRW | V36: 대한항공카드 030 | W36: 잡곡
C37: 기타 | D37: 기타 | E37: =SUMIFS($T$3:$T$233,$P$3:$P$233,"지출",$Q$3:$Q$233,C37,$R$3:$R$233,D37) -> -2000 | N37: 45725 | O37: 0.86431713 | P37: 지출 | Q37: 생활비 | R37: 기타 | S37: 쿠팡_쿠페이 | T37: -26960 | U37: KRW | V37: 대한항공카드 030 | W37: 검은콩 볶음
C38: 기타 | D38: 취미/운동 | E38: =SUMIFS($T$3:$T$233,$P$3:$P$233,"지출",$Q$3:$Q$233,C38,$R$3:$R$233,D38) -> 0 | N38: 45726 | O38: 0.16275463 | P38: 수입 | Q38: 금융수입 | R38: 미분류 | S38: 자동 이자 | T38: 1842 | U38: KRW | V38: 토스뱅크 나눠모으기 통장
C39: 기타 | D39: 가전제품 | E39: =SUMIFS($T$3:$T$233,$P$3:$P$233,"지출",$Q$3:$Q$233,C39,$R$3:$R$233,D39) -> -107111 | N39: 45727 | O39: 0.16689815 | P39: 수입 | Q39: 금융수입 | R39: 미분류 | S39: 자동 이자 | T39: 1842 | U39: KRW | V39: 토스뱅크 나눠모으기 통장
C40: 기타 합계 | E40: =SUM(E32:E39) -> -415780 | N40: 45727 | O40: 0.54615741 | P40: 지출 | Q40: 기타 | R40: 선물 | S40: 주식회사 카카오 | T40: 0 | U40: KRW | V40: 카카오페이 머니 | W40: 김민수 책임 생선
C41: Tiss | D41: 택시 | E41: =SUMIFS($T$3:$T$233,$P$3:$P$233,"지출",$Q$3:$Q$233,C41,$R$3:$R$233,D41) -> 0 | N41: 45727 | O41: 0.72123843 | P41: 지출 | Q41: 생활비 | R41: 외식 | S41: 주_우아한형제들 | T41: -17000 | U41: KRW | V41: 대한항공카드 030 | W41: BBQ 핫크리스피
C42: Tiss | D42: 모임 | E42: =SUMIFS($T$3:$T$233,$P$3:$P$233,"지출",$Q$3:$Q$233,C42,$R$3:$R$233,D42) -> 0 | N42: 45728 | O42: 0.13709491 | P42: 수입 | Q42: 금융수입 | R42: 미분류 | S42: 자동 이자 | T42: 1842 | U42: KRW | V42: 토스뱅크 나눠모으기 통장
C43: Tiss | D43: 음료 | E43: =SUMIFS($T$3:$T$233,$P$3:$P$233,"지출",$Q$3:$Q$233,C43,$R$3:$R$233,D43) -> -11200 | N43: 45728 | O43: 0.64305556 | P43: 수입 | Q43: 기타 | R43: 미분류 | S43: 정운한(꼼꼼하자) | T43: 100000 | U43: KRW | V43: 월급/생활비 | W43: JM-하자(3/8)
C44: Tiss | D44: 기타 | E44: =SUMIFS($T$3:$T$233,$P$3:$P$233,"지출",$Q$3:$Q$233,C44,$R$3:$R$233,D44) -> -127630 | N44: 45728 | O44: 0.79027778 | P44: 지출 | Q44: 생활비 | R44: 식비 | S44: GS25기흥센트럴점 | T44: -10800 | U44: KRW | V44: 대한항공카드 030 | W44: GS25-도시락
C45: Tiss 합계 | E45: =SUM(E41:E44) -> -138830 | N45: 45728 | O45: 0.80538194 | P45: 이체 | Q45: 카드대금 | R45: 미분류 | S45: 현대카드대금 | T45: -3879148 | U45: KRW | V45: 월급/생활비
C46: JM | D46: 택시 | E46: =SUMIFS($T$3:$T$233,$P$3:$P$233,"지출",$Q$3:$Q$233,C46,$R$3:$R$233,D46) -> 0 | N46: 45729 | O46: 0.13681713 | P46: 수입 | Q46: 금융수입 | R46: 미분류 | S46: 자동 이자 | T46: 1842 | U46: KRW | V46: 토스뱅크 나눠모으기 통장
C47: JM | D47: 모임 | E47: =SUMIFS($T$3:$T$233,$P$3:$P$233,"지출",$Q$3:$Q$233,C47,$R$3:$R$233,D47) -> 0 | N47: 45729 | O47: 0.30373843 | P47: 지출 | Q47: 생활비 | R47: 식비 | S47: 쿠팡_쿠페이 | T47: -30010 | U47: KRW | V47: 대한항공카드 030 | W47: 쿠팡-등갈비+@
C48: JM | D48: 음료 | E48: =SUMIFS($T$3:$T$233,$P$3:$P$233,"지출",$Q$3:$Q$233,C48,$R$3:$R$233,D48) -> 0 | N48: 45729 | O48: 0.39247685 | P48: 지출 | Q48: Tiss | R48: 음료 | S48: 나이스페이 | T48: -11200 | U48: KRW | V48: 네이버페이 간편결제(포인트) | W48: 바나프레소
C49: JM | D49: 기타 | E49: =SUMIFS($T$3:$T$233,$P$3:$P$233,"지출",$Q$3:$Q$233,C49,$R$3:$R$233,D49) -> 0 | N49: 45730 | O49: 0.13953704 | P49: 수입 | Q49: 금융수입 | R49: 미분류 | S49: 자동 이자 | T49: 1842 | U49: KRW | V49: 토스뱅크 나눠모으기 통장
C50: JM 합계 | E50: =SUM(E46:E49) -> 0 | N50: 45730 | O50: 0.68643519 | P50: 지출 | Q50: 생활비 | R50: 외식 | S50: 이병익 | T50: -8500 | U50: KRW | V50: 월급/생활비 | W50: 강남역 떡볶이
N51: 45730 | O51: 0.70931713 | P51: 지출 | Q51: Tiss | R51: 모임 | S51: 송금 내역 | T51: 0 | U51: KRW | V51: 카카오페이 머니 | W51: 모임-민수,신혁,일균,승민
A52: [보유] | C52: 자산 | H52: 전달 이월 | I52: =INDIRECT(J1&"!I53") -> 169383306 | N52: 45730 | O52: 0.76059028 | P52: 지출 | Q52: 고정비 | R52: 교통비 | S52: KB카드출금 | T52: -5600 | U52: KRW | V52: 월급/생활비
C53: 항목 | D53: 상품명 | E53: 확인일 | F53: 금액 | H53: 월말 잔액 | I53: =SUM(F54:F71) -> 169148261 | N53: 45731 | O53: 0.14006944 | P53: 수입 | Q53: 금융수입 | R53: 미분류 | S53: 자동 이자 | T53: 1842 | U53: KRW | V53: 토스뱅크 나눠모으기 통장
C54: 입출금 | D54: 월급/생활비 | E54: 45717 | F54: 3520863 | H54: 차액 | I54: =I53-I52 -> -235045 | N54: 45732 | O54: 0.13991898 | P54: 수입 | Q54: 금융수입 | R54: 미분류 | S54: 자동 이자 | T54: 1843 | U54: KRW | V54: 토스뱅크 나눠모으기 통장
D55: 토스뱅크 | E55: 45717 | F55: 46095040 | N55: 45732 | O55: 0.46510417 | P55: 지출 | Q55: 생활비 | R55: 생활용품 | S55: 쿠팡_쿠페이 | T55: -1750 | U55: KRW | V55: 대한항공카드 030 | W55: 건전지-CR2035
D56: 임시현금 | E56: 45717 | F56: 12000000 | N56: 45732 | O56: 0.52315972 | P56: 지출 | Q56: 고정비 | R56: 교통비 | S56: 교통비(TISS) | T56: -86410 | U56: KRW | V56: 월급/생활비 | W56: 교통비(Tiss)
N57: 45732 | O57: 0.5696412 | P57: 지출 | Q57: 생활비 | R57: 식비 | S57: 쿠팡_쿠페이 | T57: -23140 | U57: KRW | V57: 대한항공카드 030 | W57: 쿠팡-만두(비비고김치), 편육, 모둠쌈
C58: 적금 | D58: 주택청약종합 | E58: 45717 | F58: 6000000 | N58: 45732 | O58: 0.72883102 | P58: 지출 | Q58: 생활비 | R58: 생활용품 | S58: 쿠팡_쿠페이 | T58: -5700 | U58: KRW | V58: 대한항공카드 030 | W58: 쿠팡-에그타이머&커터
C59: 현금 자산 | D59: 경기화폐(Tiss) | E59: 45717 | F59: 136580 | N59: 45733 | O59: 0.0074074074 | P59: 지출 | Q59: 기타 | R59: 가전제품 | S59: Alipay Plus | T59: -33073 | U59: KRW | V59: 네이버페이 간편결제(머니) | W59: 알리-이어폰
D60: 경기화폐(JM) | E60: 45717 | F60: 47150 | N60: 45733 | O60: 0.017453704 | P60: 이체 | Q60: 이체 | R60: 미분류 | S60: 충전 내역 | T60: 80000 | U60: KRW | V60: 네이버페이 머니
D61: 복지포인트 | E61: 45717 | F61: 623450 | N61: 45733 | O61: 0.017453704 | P61: 이체 | Q61: 이체 | R61: 미분류 | S61: 네이버페이충전 | T61: -80000 | U61: KRW | V61: 월급/생활비
D62: 현금(JM) | E62: 45717 | F62: 7000000 | N62: 45733 | O62: 0.017465278 | P62: 지출 | Q62: 기타 | R62: 가전제품 | S62: 알리익스프레스 | T62: -74038 | U62: KRW | V62: 네이버페이 간편결제(머니) | W62: 알리-보조배터리(Anker Prime 65W)
D63: 온누리상품권 | E63: 45717 | F63: 782000 | N63: 45733 | O63: 0.13927083 | P63: 수입 | Q63: 금융수입 | R63: 미분류 | S63: 자동 이자 | T63: 1843 | U63: KRW | V63: 토스뱅크 나눠모으기 통장
C64: 투자(증권) | D64: 주식(S/종합) | E64: 45689 | F64: 42145180 | N64: 45733 | O64: 0.7656713 | P64: 지출 | Q64: 생활비 | R64: 외식 | S64: 주_우아한형제들 | T64: -13000 | U64: KRW | V64: 대한항공카드 030 | W64: 배민-마왕족발
D65: 주식(S/ISA) | E65: 45689 | F65: 33583395 | N65: 45734 | O65: 0.13798611 | P65: 수입 | Q65: 금융수입 | R65: 미분류 | S65: 자동 이자 | T65: 1843 | U65: KRW | V65: 토스뱅크 나눠모으기 통장
D66: 예수금(S/종합) | E66: 45689 | F66: 649551 | N66: 45734 | O66: 0.43881944 | P66: 지출 | Q66: 생활비 | R66: 식비 | S66: 쿠팡_쿠페이 | T66: -22440 | U66: KRW | V66: 대한항공카드 030 | W66: 쿠팡-상추, 양파, 요거트
D67: 예수금(S/ISA) | E67: 45689 | F67: 100970 | N67: 45734 | O67: 0.78054398 | P67: 지출 | Q67: 모임 | R67: 가족 | S67: 여기어때컴퍼니 | T67: -120020 | U67: KRW | V67: 대한항공카드 030 | W67: 전주여행-결산예정
D68: 카카오페이 | E68: 45717 | F68: 1073346 | N68: 45735 | O68: 0.22190972 | P68: 수입 | Q68: 금융수입 | R68: 미분류 | S68: 자동 이자 | T68: 1843 | U68: KRW | V68: 토스뱅크 나눠모으기 통장
C69: 투자(코인) | D69: 코인(업비트) | E69: 45717 | F69: =3866452+2847005 -> 6713457 | N69: 45735 | O69: 0.42913194 | P69: 지출 | Q69: 고정비 | R69: 휴대폰/인터넷 | S69: KT인터넷제휴납부 | T69: -22000 | U69: KRW | V69: 대한항공카드 030
D70: 현금(업비트) | E70: 45717 | F70: 8677279 | N70: 45735 | O70: 0.42913194 | P70: 지출 | Q70: 고정비 | R70: 휴대폰/인터넷 | S70: KT통신요금자동납부 | T70: -41690 | U70: KRW | V70: 대한항공카드 030
N71: 45735 | O71: 0.4440162 | P71: 수입 | Q71: 기타 | R71: 미분류 | S71: 정운한(꼼꼼하자) | T71: 340000 | U71: KRW | V71: 월급/생활비 | W71: JM 하자(3/14~15)
A72: [수입] | N72: 45735 | O72: 0.66517361 | P72: 수입 | Q72: 기타 상여금 | R72: 미분류 | S72: 오토에버경비 | T72: 55199 | U72: KRW | V72: 월급/생활비 | W72: Tiss-통신비 지원
A73: 대상월 | B73: SN | C73: 대분류 | E73: 예정 | F73: 전월 수입 | G73: 전월 차액 | H73: 수입 | I73: 수입-예정 | N73: 45736 | O73: 0.1396412 | P73: 수입 | Q73: 금융수입 | R73: 미분류 | S73: 자동 이자 | T73: 1843 | U73: KRW | V73: 토스뱅크 나눠모으기 통장
A74: =$L$1 -> 202503 | B74: 1 | C74: 월급 | E74: =SUMIFS('수입&예산'!$C$4:$C$11,'수입&예산'!$A$4:$A$11,C74,'수입&예산'!$D$4:$D$11,"M")*10000+SUMIFS('수입&예산'!$C$4:$C$11,'수입&예산'!$A$4:$A$11,C74,'수입&예산'!$D$4:$D$11,"Y",'수입&예산'!$E$4:$E$11,$L$1)*10000 -> 5543000 | F74: =INDIRECT($J$1&"!H"&ROW()) -> 8435797 | G74: =H74-F74 -> -3153500 | H74: =SUMIFS($T$3:$T$233,$P$3:$P$233,"수입",$Q$3:$Q$233,C74) -> 5282297 | I74: =H74-E74 -> -260703 | N74: 45736 | O74: 0.43284722 | P74: 수입 | Q74: 기타 | R74: 미분류 | S74: 정운한(꼼꼼하자) | T74: 150000 | U74: KRW | V74: 월급/생활비 | W74: JM 하자(3/14~15)
A75: =$L$1 -> 202503 | B75: =B74+1 -> 2 | C75: 기타 상여금 | E75: =SUMIFS('수입&예산'!$C$4:$C$11,'수입&예산'!$A$4:$A$11,C75,'수입&예산'!$D$4:$D$11,"M")*10000+SUMIFS('수입&예산'!$C$4:$C$11,'수입&예산'!$A$4:$A$11,C75,'수입&예산'!$D$4:$D$11,"Y",'수입&예산'!$E$4:$E$11,$L$1)*10000 -> 55199 | F75: =INDIRECT($J$1&"!H"&ROW()) -> 55199 | G75: =H75-F75 -> 0 | H75: =SUMIFS($T$3:$T$233,$P$3:$P$233,"수입",$Q$3:$Q$233,C75) -> 55199 | I75: =H75-E75 -> 0 | N75: 45737 | O75: 0.16869213 | P75: 수입 | Q75: 금융수입 | R75: 미분류 | S75: 자동 이자 | T75: 1843 | U75: KRW | V75: 토스뱅크 나눠모으기 통장
A76: =$L$1 -> 202503 | B76: =B75+1 -> 3 | C76: 보험금 | E76: =SUMIFS('수입&예산'!$C$4:$C$11,'수입&예산'!$A$4:$A$11,C76,'수입&예산'!$D$4:$D$11,"M")*10000+SUMIFS('수입&예산'!$C$4:$C$11,'수입&예산'!$A$4:$A$11,C76,'수입&예산'!$D$4:$D$11,"Y",'수입&예산'!$E$4:$E$11,$L$1)*10000 -> 0 | F76: =INDIRECT($J$1&"!H"&ROW()) -> 0 | G76: =H76-F76 -> 0 | H76: =SUMIFS($T$3:$T$233,$P$3:$P$233,"수입",$Q$3:$Q$233,C76) -> 0 | I76: =H76-E76 -> 0 | N76: 45737 | O76: 0.32380787 | P76: 지출 | Q76: 생활비 | R76: 식비 | S76: 쿠팡_쿠페이 | T76: -31280 | U76: KRW | V76: 대한항공카드 030
A77: =$L$1 -> 202503 | B77: =B76+1 -> 4 | C77: 금융수입 | E77: =SUMIFS('수입&예산'!$C$4:$C$11,'수입&예산'!$A$4:$A$11,C77,'수입&예산'!$D$4:$D$11,"M")*10000+SUMIFS('수입&예산'!$C$4:$C$11,'수입&예산'!$A$4:$A$11,C77,'수입&예산'!$D$4:$D$11,"Y",'수입&예산'!$E$4:$E$11,$L$1)*10000 -> 0 | F77: =INDIRECT($J$1&"!H"&ROW()) -> 37887 | G77: =H77-F77 -> 20702 | H77: =SUMIFS($T$3:$T$233,$P$3:$P$233,"수입",$Q$3:$Q$233,C77) -> 58589 | I77: =H77-E77 -> 58589 | N77: 45738 | O77: 0.16918981 | P77: 수입 | Q77: 금융수입 | R77: 미분류 | S77: 자동 이자 | T77: 1843 | U77: KRW | V77: 토스뱅크 나눠모으기 통장
A78: =$L$1 -> 202503 | B78: =B77+1 -> 5 | C78: 기타 | E78: =SUMIFS('수입&예산'!$C$4:$C$11,'수입&예산'!$A$4:$A$11,C78,'수입&예산'!$D$4:$D$11,"M")*10000+SUMIFS('수입&예산'!$C$4:$C$11,'수입&예산'!$A$4:$A$11,C78,'수입&예산'!$D$4:$D$11,"Y",'수입&예산'!$E$4:$E$11,$L$1)*10000 -> 0 | F78: =INDIRECT($J$1&"!H"&ROW()) -> 842001 | G78: =H78-F78 -> -252001 | H78: =SUMIFS($T$3:$T$233,$P$3:$P$233,"수입",$Q$3:$Q$233,C78) -> 590000 | I78: =H78-E78 -> 590000 | N78: 45738 | O78: 0.56597222 | P78: 이체 | Q78: 이체 | R78: 미분류 | S78: 네이버페이충전 | T78: -130000 | U78: KRW | V78: 월급/생활비
A79: 합계 | E79: =SUM(E74:E78) -> 5598199 | F79: =SUM(F74:F78) -> 9370884 | G79: =SUM(G74:G78) -> -3384799 | H79: =SUM(H74:H78) -> 5986085 | I79: =SUM(I74:I78) -> 387886 | N79: 45738 | O79: 0.5659838 | P79: 지출 | Q79: 기타 | R79: 미용 | S79: lemouton | T79: -128900 | U79: KRW | V79: 네이버페이 간편결제(머니) | W79: Tiss - 르무통 메이트(280+인솔)
N80: 45738 | O80: 0.5659838 | P80: 이체 | Q80: 이체 | R80: 미분류 | S80: 충전 내역 | T80: 130000 | U80: KRW | V80: 네이버페이 머니
N81: 45738 | O81: 0.6158912 | P81: 지출 | Q81: 생활비 | R81: 외식 | S81: 돈까스의 집 | T81: -24000 | U81: KRW | V81: KB국민 토심이 첵첵 체크카드(RF)
N82: 45738 | O82: 0.66600694 | P82: 지출 | Q82: 생활비 | R82: 외식 | S82: 롯데물산주식회사롯데월드몰점 | T82: -6800 | U82: KRW | V82: KB국민 토심이 첵첵 체크카드(RF) | W82: 밀크쉐이크 | Y82: O
N83: 45738 | O83: 0.72633102 | P83: 지출 | Q83: 생활비 | R83: 외식 | S83: (주)스시히로바 | T83: -46700 | U83: KRW | V83: KB국민 토심이 첵첵 체크카드(RF) | Y83: O
N84: 45739 | O84: 0.16915509 | P84: 수입 | Q84: 금융수입 | R84: 미분류 | S84: 자동 이자 | T84: 1843 | U84: KRW | V84: 토스뱅크 나눠모으기 통장
N85: 45739 | O85: 0.58052083 | P85: 지출 | Q85: 생활비 | R85: 식비 | S85: 쿠팡_쿠페이 | T85: -6280 | U85: KRW | V85: 대한항공카드 030
N86: 45740 | O86: 0.16831019 | P86: 수입 | Q86: 금융수입 | R86: 미분류 | S86: 자동 이자 | T86: 1843 | U86: KRW | V86: 토스뱅크 나눠모으기 통장
N87: 45740 | O87: 0.75013889 | P87: 지출 | Q87: 생활비 | R87: 외식 | S87: 토스 김정애 | T87: -1500 | U87: KRW | V87: 월급/생활비 | W87: 오뎅
N88: 45740 | O88: 0.78094907 | P88: 지출 | Q88: 생활비 | R88: 외식 | S88: 풍천갈비신갈점 | T88: -23000 | U88: KRW | V88: 대한항공카드 030 | Y88: O
N89: 45740 | O89: 0.78917824 | P89: 지출 | Q89: 생활비 | R89: 식비 | S89: 용인축산물도소매센터 | T89: -7600 | U89: KRW | V89: 대한항공카드 030
N90: 45740 | O90: 0.81335648 | P90: 지출 | Q90: 고정비 | R90: 보험/연금 | S90: 삼성화03020 | T90: -14232 | U90: KRW | V90: 월급/생활비
N91: 45741 | O91: 0.16809028 | P91: 수입 | Q91: 금융수입 | R91: 미분류 | S91: 자동 이자 | T91: 1843 | U91: KRW | V91: 토스뱅크 나눠모으기 통장
N92: 45741 | O92: 0.25363426 | P92: 수입 | Q92: 월급 | R92: 미분류 | S92: 급여현대오토에버 | T92: 5282297 | U92: KRW | V92: 월급/생활비
N93: 45741 | O93: 0.26454861 | P93: 이체 | Q93: 이체 | R93: 미분류 | S93: 비상금통장 | T93: 27000000 | U93: KRW | V93: 토스뱅크 통장
N94: 45741 | O94: 0.26454861 | P94: 이체 | Q94: 이체 | R94: 미분류 | S94: 꺼내기 | T94: -27000000 | U94: KRW | V94: 토스뱅크 나눠모으기 통장
N95: 45741 | O95: 0.26581019 | P95: 이체 | Q95: 이체 | R95: 미분류 | S95: 박중현 | T95: -27000000 | U95: KRW | V95: 토스뱅크 통장
N96: 45741 | O96: 0.26582176 | P96: 이체 | Q96: 이체 | R96: 미분류 | S96: 박중현 | T96: 27000000 | U96: KRW | V96: 월급/생활비
N97: 45741 | O97: 0.34248843 | P97: 지출 | Q97: 생활비 | R97: 식비 | S97: 쿠팡_쿠페이 | T97: -8940 | U97: KRW | V97: 대한항공카드 030
N98: 45741 | O98: 0.34274306 | P98: 지출 | Q98: 생활비 | R98: 식비 | S98: 쿠팡_쿠페이 | T98: -6500 | U98: KRW | V98: 대한항공카드 030
N99: 45741 | O99: 0.40758102 | P99: 지출 | Q99: 고정비 | R99: 부모님 | S99: TISS부모님 | T99: -100000 | U99: KRW | V99: 월급/생활비
N100: 45741 | O100: 0.40758102 | P100: 지출 | Q100: 고정비 | R100: 기흥모임 | S100: 모임(기흥) | T100: -130000 | U100: KRW | V100: 월급/생활비
...

Sheet 202504
A1: [지출] | I1: 전월 | J1: 202503 | K1: 당월 | L1: 202504 | N1: [소비 총계] | O1: =SUMIF(P3:P234,"지출",T3:T234) -> -29769445
A2: 대상월 | B2: SN | C2: 대분류 | D2: 중분류 | E2: 예산(기본) | F2: 예산(추가) | G2: 예산(합계) | H2: 전월 소비 | I2: 전월 차액 | J2: 소비 | K2: 예산-소비 | L2: 사용율 | N2: 날짜 | O2: 시간 | P2: 타입 | Q2: 대분류 | R2: 중분류 | S2: 내용 | T2: 금액 | U2: 화폐 | V2: 결제수단 | W2: 메모 | X2: 대상 | Y2: 과소비
A3: =$L$1 -> 202504 | B3: =ROW()-2 -> 1 | C3: 대출상환 | D3: 디딤돌 | E3: =SUMIFS('수입&예산'!$C$15:$C$34,'수입&예산'!$A$15:$A$34,C3,'수입&예산'!$B$15:$B$34,D3)*10000 -> 900000 | F3: 0 | G3: =SUM(E3:F3) -> 900000 | H3: =INDIRECT($J$1&"!J"&ROW()) -> -860934 | I3: =J3-H3 -> -31516 | J3: =VLOOKUP(A3,대출!$B$4:$G$363,3,FALSE)*-1 -> -892450 | K3: =G3+J3 -> 7550 | L3: =IF(G3=0,0,-J3/G3) -> 0.99161111 | N3: 45748 | O3: 0.2 | P3: 수입 | Q3: 금융수입 | R3: 미분류 | S3: 자동 이자 | T3: 1933 | U3: KRW | V3: 토스뱅크 나눠모으기 통장
A4: =$L$1 -> 202504 | B4: =ROW()-2 -> 2 | C4: 고정비 | D4: 용돈 | E4: =SUMIFS('수입&예산'!$G$15:$G$27,'수입&예산'!$A$15:$A$27,C4,'수입&예산'!$B$15:$B$27,D4)*10000 -> 100000 | F4: 0 | G4: =SUM(E4:F4) -> 100000 | H4: =INDIRECT($J$1&"!J"&ROW()) -> -100000 | I4: =J4-H4 -> 0 | J4: =SUMIFS($T$3:$T$234,$P$3:$P$234,"지출",$Q$3:$Q$234,C4,$R$3:$R$234,D4) -> -100000 | K4: =G4+J4 -> 0 | L4: =IF(G4=0,0,-J4/G4) -> 1 | N4: 45748 | O4: 0.9800463 | P4: 지출 | Q4: 생활비 | R4: 기타 | S4: 토스 박미선 | T4: -287300 | U4: KRW | V4: 월급/생활비 | W4: 코스트코
A5: =$L$1 -> 202504 | B5: =ROW()-2 -> 3 | C5: 고정비 | D5: 휴대폰/인터넷 | E5: =SUMIFS('수입&예산'!$G$15:$G$27,'수입&예산'!$A$15:$A$27,C5,'수입&예산'!$B$15:$B$27,D5)*10000 -> 44000 | F5: 0 | G5: =SUM(E5:F5) -> 44000 | H5: =INDIRECT($J$1&"!J"&ROW()) -> -63690 | I5: =J5-H5 -> -20900 | J5: =SUMIFS($T$3:$T$234,$P$3:$P$234,"지출",$Q$3:$Q$234,C5,$R$3:$R$234,D5) -> -84590 | K5: =G5+J5 -> -40590 | L5: =IF(G5=0,0,-J5/G5) -> 1.9225 | N5: 45749 | O5: 0.21325231 | P5: 수입 | Q5: 금융수입 | R5: 미분류 | S5: 자동 이자 | T5: 1933 | U5: KRW | V5: 토스뱅크 나눠모으기 통장
A6: =$L$1 -> 202504 | B6: =ROW()-2 -> 4 | C6: 고정비 | D6: 아파트관리비 | E6: =SUMIFS('수입&예산'!$G$15:$G$27,'수입&예산'!$A$15:$A$27,C6,'수입&예산'!$B$15:$B$27,D6)*10000 -> 330000 | F6: 0 | G6: =SUM(E6:F6) -> 330000 | H6: =INDIRECT($J$1&"!J"&ROW()) -> -312140 | I6: =J6-H6 -> 44930 | J6: =SUMIFS($T$3:$T$234,$P$3:$P$234,"지출",$Q$3:$Q$234,C6,$R$3:$R$234,D6) -> -267210 | K6: =G6+J6 -> 62790 | L6: =IF(G6=0,0,-J6/G6) -> 0.80972727 | N6: 45749 | O6: 0.58234954 | P6: 지출 | Q6: 기타 | R6: 선물 | S6: 주식회사 카카오 | T6: -49000 | U6: KRW | V6: 카카오페이 머니 | W6: MS 생선
A7: =$L$1 -> 202504 | B7: =ROW()-2 -> 5 | C7: 고정비 | D7: 기흥모임 | E7: =SUMIFS('수입&예산'!$G$15:$G$27,'수입&예산'!$A$15:$A$27,C7,'수입&예산'!$B$15:$B$27,D7)*10000 -> 130000 | F7: 0 | G7: =SUM(E7:F7) -> 130000 | H7: =INDIRECT($J$1&"!J"&ROW()) -> -130000 | I7: =J7-H7 -> 0 | J7: =SUMIFS($T$3:$T$234,$P$3:$P$234,"지출",$Q$3:$Q$234,C7,$R$3:$R$234,D7) -> -130000 | K7: =G7+J7 -> 0 | L7: =IF(G7=0,0,-J7/G7) -> 1 | N7: 45749 | O7: 0.95335648 | P7: 지출 | Q7: 생활비 | R7: 식비 | S7: 쿠팡_쿠페이 | T7: -10360 | U7: KRW | V7: 대한항공카드 030 | W7: 데체코 딸리아뗄레
A8: =$L$1 -> 202504 | B8: =ROW()-2 -> 6 | C8: 고정비 | D8: 부모님 | E8: =SUMIFS('수입&예산'!$G$15:$G$27,'수입&예산'!$A$15:$A$27,C8,'수입&예산'!$B$15:$B$27,D8)*10000 -> 171000 | F8: 0 | G8: =SUM(E8:F8) -> 171000 | H8: =INDIRECT($J$1&"!J"&ROW()) -> -100000 | I8: =J8-H8 -> 0 | J8: =SUMIFS($T$3:$T$234,$P$3:$P$234,"지출",$Q$3:$Q$234,C8,$R$3:$R$234,D8) -> -100000 | K8: =G8+J8 -> 71000 | L8: =IF(G8=0,0,-J8/G8) -> 0.58479532 | N8: 45750 | O8: 0.1591088 | P8: 수입 | Q8: 금융수입 | R8: 미분류 | S8: 자동 이자 | T8: 1933 | U8: KRW | V8: 토스뱅크 나눠모으기 통장
A9: =$L$1 -> 202504 | B9: =ROW()-2 -> 7 | C9: 고정비 | D9: 보험/연금 | E9: =SUMIFS('수입&예산'!$G$15:$G$27,'수입&예산'!$A$15:$A$27,C9,'수입&예산'!$B$15:$B$27,D9)*10000 -> 246000 | F9: 0 | G9: =SUM(E9:F9) -> 246000 | H9: =INDIRECT($J$1&"!J"&ROW()) -> -301865 | I9: =J9-H9 -> 0 | J9: =SUMIFS($T$3:$T$234,$P$3:$P$234,"지출",$Q$3:$Q$234,C9,$R$3:$R$234,D9) -> -301865 | K9: =G9+J9 -> -55865 | L9: =IF(G9=0,0,-J9/G9) -> 1.2270935 | N9: 45750 | O9: 0.38194444 | P9: 지출 | Q9: 의료/건강 | R9: 미분류 | S9: 의료법인미래의료재단 | T9: -60000 | U9: KRW | V9: 복지포인트 | W9: Tiss-용종제거
A10: =$L$1 -> 202504 | B10: =ROW()-2 -> 8 | C10: 고정비 | D10: 교통비 | E10: =SUMIFS('수입&예산'!$G$15:$G$27,'수입&예산'!$A$15:$A$27,C10,'수입&예산'!$B$15:$B$27,D10)*10000 -> 160000 | F10: 0 | G10: =SUM(E10:F10) -> 160000 | H10: =INDIRECT($J$1&"!J"&ROW()) -> -176410 | I10: =J10-H10 -> 96470 | J10: =SUMIFS($T$3:$T$234,$P$3:$P$234,"지출",$Q$3:$Q$234,C10,$R$3:$R$234,D10) -> -79940 | K10: =G10+J10 -> 80060 | L10: =IF(G10=0,0,-J10/G10) -> 0.499625 | N10: 45750 | O10: 0.40229167 | P10: 지출 | Q10: 고정비 | R10: 구독형서비스 | S10: 쿠팡_와우멤버십 | T10: -7890 | U10: KRW | V10: 대한항공카드 030
A11: =$L$1 -> 202504 | B11: =ROW()-2 -> 9 | C11: 고정비 | D11: 구독형서비스 | E11: =SUMIFS('수입&예산'!$G$15:$G$27,'수입&예산'!$A$15:$A$27,C11,'수입&예산'!$B$15:$B$27,D11)*10000 -> 44000 | F11: 0 | G11: =SUM(E11:F11) -> 44000 | H11: =INDIRECT($J$1&"!J"&ROW()) -> -21790 | I11: =J11-H11 -> 0 | J11: =SUMIFS($T$3:$T$234,$P$3:$P$234,"지출",$Q$3:$Q$234,C11,$R$3:$R$234,D11) -> -21790 | K11: =G11+J11 -> 22210 | L11: =IF(G11=0,0,-J11/G11) -> 0.49522727 | N11: 45750 | O11: 0.40741898 | P11: 지출 | Q11: 의료/건강 | R11: 미분류 | S11: 의료법인미래의료재단 | T11: -60000 | U11: KRW | V11: 복지포인트 | W11: JM-용종제거
A12: =$L$1 -> 202504 | B12: =ROW()-2 -> 10 | C12: 생활비 | E12: =SUMIFS('수입&예산'!$G$15:$G$27,'수입&예산'!$A$15:$A$27,C12)*10000 -> 350000 | F12: 0 | G12: =SUM(E12:F12) -> 350000 | H12: =INDIRECT($J$1&"!J"&ROW()) -> -887510 | I12: =J12-H12 -> 284680 | J12: =SUMIFS($T$3:$T$234,$P$3:$P$234,"지출",$Q$3:$Q$234,C12) -> -602830 | K12: =G12+J12 -> -252830 | L12: =IF(G12=0,0,-J12/G12) -> 1.7223714 | N12: 45750 | O12: 0.78046296 | P12: 지출 | Q12: 고정비 | R12: 교통비 | S12: 교통비-TISS | T12: -73940 | U12: KRW | V12: 월급/생활비
A13: =$L$1 -> 202504 | B13: =ROW()-2 -> 11 | C13: 의료/건강 | E13: =SUMIFS('수입&예산'!$G$15:$G$27,'수입&예산'!$A$15:$A$27,C13)*10000 -> 0 | F13: =-J13 -> 126000 | G13: =SUM(E13:F13) -> 126000 | H13: =INDIRECT($J$1&"!J"&ROW()) -> -151500 | I13: =J13-H13 -> 25500 | J13: =SUMIFS($T$3:$T$234,$P$3:$P$234,"지출",$Q$3:$Q$234,C13) -> -126000 | K13: =G13+J13 -> 0 | L13: =IF(G13=0,0,-J13/G13) -> 1 | N13: 45751 | O13: 0.16025463 | P13: 수입 | Q13: 금융수입 | R13: 미분류 | S13: 자동 이자 | T13: 1933 | U13: KRW | V13: 토스뱅크 나눠모으기 통장
A14: =$L$1 -> 202504 | B14: =ROW()-2 -> 12 | C14: 모임 | E14: =SUMIFS('수입&예산'!$G$15:$G$27,'수입&예산'!$A$15:$A$27,C14)*10000 -> 0 | F14: =-J14 -> 132000 | G14: =SUM(E14:F14) -> 132000 | H14: =INDIRECT($J$1&"!J"&ROW()) -> -146920 | I14: =J14-H14 -> 14920 | J14: =SUMIFS($T$3:$T$234,$P$3:$P$234,"지출",$Q$3:$Q$234,C14) -> -132000 | K14: =G14+J14 -> 0 | L14: =IF(G14=0,0,-J14/G14) -> 1 | N14: 45752 | O14: 0.16137731 | P14: 수입 | Q14: 금융수입 | R14: 미분류 | S14: 자동 이자 | T14: 1933 | U14: KRW | V14: 토스뱅크 나눠모으기 통장
A15: =$L$1 -> 202504 | B15: =ROW()-2 -> 13 | C15: Tiss | E15: =SUMIFS('수입&예산'!$G$15:$G$27,'수입&예산'!A15:A27,C15,'수입&예산'!$H$15:$H$27,L1)*10000 -> 0 | F15: 0 | G15: =SUM(E15:F15) -> 0 | H15: =INDIRECT($J$1&"!J"&ROW()) -> -138830 | I15: =J15-H15 -> 86800 | J15: =SUMIFS($T$3:$T$234,$P$3:$P$234,"지출",$Q$3:$Q$234,C15) -> -52030 | K15: =G15+J15 -> -52030 | L15: =IF(G15=0,0,-J15/G15) -> 0 | N15: 45753 | O15: 0.1621875 | P15: 수입 | Q15: 금융수입 | R15: 미분류 | S15: 자동 이자 | T15: 1933 | U15: KRW | V15: 토스뱅크 나눠모으기 통장
A16: =$L$1 -> 202504 | B16: =ROW()-2 -> 14 | C16: JM | E16: =SUMIFS('수입&예산'!$G$15:$G$27,'수입&예산'!A16:A28,C16,'수입&예산'!$H$15:$H$27,L2)*10000 -> 0 | F16: 0 | G16: =SUM(E16:F16) -> 0 | H16: =INDIRECT($J$1&"!J"&ROW()) -> 0 | I16: =J16-H16 -> -13700 | J16: =SUMIFS($T$3:$T$234,$P$3:$P$234,"지출",$Q$3:$Q$234,C16) -> -13700 | K16: =G16+J16 -> -13700 | L16: =IF(G16=0,0,-J16/G16) -> 0 | N16: 45753 | O16: 0.55346065 | P16: 지출 | Q16: 생활비 | R16: 식비 | S16: 쿠팡_쿠페이 | T16: -30320 | U16: KRW | V16: 대한항공카드 030
A17: =$L$1 -> 202504 | B17: =ROW()-2 -> 15 | C17: 세금 | E17: =SUMIFS('수입&예산'!$G$15:$G$27,'수입&예산'!A16:A28,C17,'수입&예산'!$H$15:$H$27,L2)*10000 -> 0 | F17: 0 | G17: =SUM(E17:F17) -> 0 | H17: =INDIRECT($J$1&"!J"&ROW()) -> 0 | I17: =J17-H17 -> 0 | J17: =SUMIFS($T$3:$T$234,$P$3:$P$234,"지출",$Q$3:$Q$234,C17) -> 0 | K17: =G17+J17 -> 0 | L17: =IF(G17=0,0,-J17/G17) -> 0 | N17: 45753 | O17: 0.92725694 | P17: 지출 | Q17: 기타 | R17: 선물 | S17: 쿠팡_쿠페이 | T17: -76900 | U17: KRW | V17: 대한항공카드 030 | W17: 성환 생선
A18: =$L$1 -> 202504 | B18: =ROW()-2 -> 16 | C18: 기타 | E18: =SUMIFS('수입&예산'!$G$15:$G$27,'수입&예산'!$A$15:$A$27,C18)*10000 -> 350000 | F18: =-J18 -> 26865040 | G18: =SUM(E18:F18) -> 27215040 | H18: =INDIRECT($J$1&"!J"&ROW()) -> -415780 | I18: =J18-H18 -> -26449260 | J18: =SUMIFS($T$3:$T$234,$P$3:$P$234,"지출",$Q$3:$Q$234,C18) -> -26865040 | K18: =G18+J18 -> 350000 | L18: =IF(G18=0,0,-J18/G18) -> 0.98713946 | N18: 45754 | O18: 0.16083333 | P18: 수입 | Q18: 금융수입 | R18: 미분류 | S18: 자동 이자 | T18: 1933 | U18: KRW | V18: 토스뱅크 나눠모으기 통장
A19: 합계 | E19: =SUM(E3:E18) -> 2825000 | F19: =SUM(F3:F18) -> 27123040 | G19: =SUM(G3:G18) -> 29948040 | H19: =SUM(H3:H18) -> -3807369 | I19: =SUM(I3:I18) -> -25962076 | J19: =SUM(J3:J18) -> -29769445 | K19: =SUM(K3:K18) -> 178595 | L19: =IF(G19=0,0,-J19/G19) -> 0.9940365 | N19: 45754 | O19: 0.46157407 | P19: 이체 | Q19: 현금 | R19: 미분류 | S19: 현대카드 | T19: 56430 | U19: KRW | V19: 월급/생활비
I20: 예산(기본) 기준 | K20: =E19+J19 -> -26944445 | L20: =IF(E19=0,0,-J19/E19) -> 10.537857 | N20: 45754 | O20: 0.6153125 | P20: 지출 | Q20: 의료/건강 | R20: 미분류 | S20: 서울한스마일치과의원 | T20: -6000 | U20: KRW | V20: KB국민 토심이 첵첵 체크카드(RF)
N21: 45755 | O21: 0.15972222 | P21: 수입 | Q21: 금융수입 | R21: 미분류 | S21: 자동 이자 | T21: 1933 | U21: KRW | V21: 토스뱅크 나눠모으기 통장
A22: (상세) | C22: 대분류 | D22: 중분류 | E22: 소비금액 | N22: 45755 | O22: 0.65138889 | P22: 지출 | Q22: 생활비 | R22: 외식 | S22: 배달특급 | T22: -22900 | U22: KRW | V22: 경기화폐(Tiss) | W22: 기영이숯불두마리치킨
C23: 생활비 | D23: 식비 | E23: =SUMIFS($T$3:$T$234,$P$3:$P$234,"지출",$Q$3:$Q$234,C23,$R$3:$R$234,D23) -> -244990 | N23: 45756 | O23: 0.18853009 | P23: 수입 | Q23: 금융수입 | R23: 미분류 | S23: 자동 이자 | T23: 1933 | U23: KRW | V23: 토스뱅크 나눠모으기 통장
C24: 생활비 | D24: 외식 | E24: =SUMIFS($T$3:$T$234,$P$3:$P$234,"지출",$Q$3:$Q$234,C24,$R$3:$R$234,D24) -> -57900 | N24: 45756 | O24: 0.45414352 | P24: 수입 | Q24: JM | R24: 미분류 | S24: 정운한(꼼꼼하자) | T24: 170000 | U24: KRW | V24: 월급/생활비 | W24: JM-하자(4/5~4/6)
C25: 생활비 | D25: 생활용품 | E25: =SUMIFS($T$3:$T$234,$P$3:$P$234,"지출",$Q$3:$Q$234,C25,$R$3:$R$234,D25) -> -12640 | N25: 45757 | O25: 0.17857639 | P25: 수입 | Q25: 금융수입 | R25: 미분류 | S25: 자동 이자 | T25: 1933 | U25: KRW | V25: 토스뱅크 나눠모으기 통장
C26: 생활비 | D26: 기타 | E26: =SUMIFS($T$3:$T$234,$P$3:$P$234,"지출",$Q$3:$Q$234,C26,$R$3:$R$234,D26) -> -287300 | N26: 45757 | O26: 0.61960648 | P26: 수입 | Q26: JM | R26: 미분류 | S26: 정운한(꼼꼼하자) | T26: 125000 | U26: KRW | V26: 월급/생활비 | W26: JM-하자APP(4/5~4/6)
C27: 생활비 합계 | E27: =SUM(E21:E26) -> -602830 | N27: 45758 | O27: 0.16171296 | P27: 수입 | Q27: 금융수입 | R27: 미분류 | S27: 자동 이자 | T27: 1934 | U27: KRW | V27: 토스뱅크 나눠모으기 통장
C28: 모임 | D28: 데이트 | E28: =SUMIFS($T$3:$T$234,$P$3:$P$234,"지출",$Q$3:$Q$234,C28,$R$3:$R$234,D28) -> -132000 | N28: 45758 | O28: 0.47494213 | P28: 지출 | Q28: 기타 | R28: 의복 | S28: 크린토피아 코인워시 기흥센트럴푸르지오점 | T28: -10500 | U28: KRW | V28: KB국민 토심이 첵첵 체크카드(RF) | W28: 세탁소
C29: 모임 | D29: 가족 | E29: =SUMIFS($T$3:$T$234,$P$3:$P$234,"지출",$Q$3:$Q$234,C29,$R$3:$R$234,D29) -> 0 | N29: 45758 | O29: 0.76034722 | P29: 지출 | Q29: 모임 | R29: 데이트 | S29: 여의도진진 | T29: -36000 | U29: KRW | V29: KB국민 토심이 첵첵 체크카드(RF)
C30: 모임 | D30: 기타 | E30: =SUMIFS($T$3:$T$234,$P$3:$P$234,"지출",$Q$3:$Q$234,C30,$R$3:$R$234,D30) -> 0 | N30: 45759 | O30: 0.16719907 | P30: 수입 | Q30: 금융수입 | R30: 미분류 | S30: 자동 이자 | T30: 1934 | U30: KRW | V30: 토스뱅크 나눠모으기 통장
C31: 모임 합계 | E31: =SUM(E28:E30) -> -132000 | N31: 45759 | O31: 0.25795139 | P31: 지출 | Q31: 생활비 | R31: 식비 | S31: 쿠팡_쿠페이 | T31: -20710 | U31: KRW | V31: 대한항공카드 030 | W31: 쿠팡-고추부각, 산초, 치킨파우더
C32: 기타 | D32: 경조사 | E32: =SUMIFS($T$3:$T$234,$P$3:$P$234,"지출",$Q$3:$Q$234,C32,$R$3:$R$234,D32) -> 0 | N32: 45759 | O32: 0.2628125 | P32: 지출 | Q32: 생활비 | R32: 식비 | S32: 쿠팡_쿠페이 | T32: -51440 | U32: KRW | V32: 대한항공카드 030 | W32: 쿠팡-사이다, 닭날개, 감자
C33: 기타 | D33: 미용 | E33: =SUMIFS($T$3:$T$234,$P$3:$P$234,"지출",$Q$3:$Q$234,C33,$R$3:$R$234,D33) -> 0 | N33: 45759 | O33: 0.57497685 | P33: 지출 | Q33: 생활비 | R33: 생활용품 | S33: 쿠팡_쿠페이 | T33: -5900 | U33: KRW | V33: 대한항공카드 030 | W33: 쿠팡-감자으깨기
C34: 기타 | D34: 의복 | E34: =SUMIFS($T$3:$T$234,$P$3:$P$234,"지출",$Q$3:$Q$234,C34,$R$3:$R$234,D34) -> -10500 | N34: 45759 | O34: 0.72244213 | P34: 지출 | Q34: 생활비 | R34: 외식 | S34: 24시전주명가콩나물국밥 신갈점 | T34: -27000 | U34: KRW | V34: KB국민 토심이 첵첵 체크카드(RF)
C35: 기타 | D35: 선물 | E35: =SUMIFS($T$3:$T$234,$P$3:$P$234,"지출",$Q$3:$Q$234,C35,$R$3:$R$234,D35) -> -125900 | N35: 45760 | O35: 0.16679398 | P35: 수입 | Q35: 금융수입 | R35: 미분류 | S35: 자동 이자 | T35: 1934 | U35: KRW | V35: 토스뱅크 나눠모으기 통장
C36: 기타 | D36: 교육 | E36: =SUMIFS($T$3:$T$234,$P$3:$P$234,"지출",$Q$3:$Q$234,C36,$R$3:$R$234,D36) -> 0 | N36: 45761 | O36: 0.16606481 | P36: 수입 | Q36: 금융수입 | R36: 미분류 | S36: 자동 이자 | T36: 1934 | U36: KRW | V36: 토스뱅크 나눠모으기 통장
C37: 기타 | D37: 기타 | E37: =SUMIFS($T$3:$T$234,$P$3:$P$234,"지출",$Q$3:$Q$234,C37,$R$3:$R$234,D37) -> -26714400 | N37: 45761 | O37: 0.51309028 | P37: 이체 | Q37: 미분류 | R37: 미분류 | S37: 꺼내기 | T37: -26000000 | U37: KRW | V37: 토스뱅크 나눠모으기 통장
C38: 기타 | D38: 취미/운동 | E38: =SUMIFS($T$3:$T$234,$P$3:$P$234,"지출",$Q$3:$Q$234,C38,$R$3:$R$234,D38) -> 0 | N38: 45761 | O38: 0.51309028 | P38: 이체 | Q38: 미분류 | R38: 미분류 | S38: 비상금통장 | T38: 26000000 | U38: KRW | V38: 토스뱅크 통장
C39: 기타 | D39: 가전제품 | E39: =SUMIFS($T$3:$T$234,$P$3:$P$234,"지출",$Q$3:$Q$234,C39,$R$3:$R$234,D39) -> -14240 | N39: 45761 | O39: 0.51361111 | P39: 이체 | Q39: 미분류 | R39: 미분류 | S39: 박중현 | T39: -26000000 | U39: KRW | V39: 토스뱅크 통장
C40: 기타 합계 | E40: =SUM(E32:E39) -> -26865040 | N40: 45761 | O40: 0.51362269 | P40: 이체 | Q40: 미분류 | R40: 미분류 | S40: 박중현 | T40: 26000000 | U40: KRW | V40: 월급/생활비
C41: Tiss | D41: 택시 | E41: =SUMIFS($T$3:$T$234,$P$3:$P$234,"지출",$Q$3:$Q$234,C41,$R$3:$R$234,D41) -> 0 | N41: 45761 | O41: 0.80599537 | P41: 이체 | Q41: 카드대금 | R41: 미분류 | S41: 현대카드대금 | T41: -1419320 | U41: KRW | V41: 월급/생활비
C42: Tiss | D42: 모임 | E42: =SUMIFS($T$3:$T$234,$P$3:$P$234,"지출",$Q$3:$Q$234,C42,$R$3:$R$234,D42) -> 0 | N42: 45762 | O42: 0.17990741 | P42: 수입 | Q42: 금융수입 | R42: 미분류 | S42: 자동 이자 | T42: 852 | U42: KRW | V42: 토스뱅크 나눠모으기 통장
C43: Tiss | D43: 음료 | E43: =SUMIFS($T$3:$T$234,$P$3:$P$234,"지출",$Q$3:$Q$234,C43,$R$3:$R$234,D43) -> 0 | N43: 45762 | O43: 0.47844907 | P43: 지출 | Q43: 생활비 | R43: 외식 | S43: (주)그린푸드 | T43: -8000 | U43: KRW | V43: KB국민 토심이 첵첵 체크카드(RF) | W43: JM 외식
C44: Tiss | D44: 기타 | E44: =SUMIFS($T$3:$T$234,$P$3:$P$234,"지출",$Q$3:$Q$234,C44,$R$3:$R$234,D44) -> -52030 | N44: 45762 | O44: 0.78916667 | P44: 지출 | Q44: 생활비 | R44: 식비 | S44: 롯데프리미엄푸드마켓기흥점 | T44: -13880 | U44: KRW | V44: 대한항공카드 030
C45: Tiss 합계 | E45: =SUM(E41:E44) -> -52030 | N45: 45763 | O45: 0.18109954 | P45: 수입 | Q45: 금융수입 | R45: 미분류 | S45: 자동 이자 | T45: 852 | U45: KRW | V45: 토스뱅크 나눠모으기 통장
C46: JM | D46: 택시 | E46: =SUMIFS($T$3:$T$234,$P$3:$P$234,"지출",$Q$3:$Q$234,C46,$R$3:$R$234,D46) -> 0 | N46: 45763 | O46: 0.86472222 | P46: 지출 | Q46: 생활비 | R46: 식비 | S46: 쿠팡_쿠페이 | T46: -54190 | U46: KRW | V46: 대한항공카드 030
C47: JM | D47: 모임 | E47: =SUMIFS($T$3:$T$234,$P$3:$P$234,"지출",$Q$3:$Q$234,C47,$R$3:$R$234,D47) -> 0 | N47: 45764 | O47: 0.18097222 | P47: 수입 | Q47: 금융수입 | R47: 미분류 | S47: 자동 이자 | T47: 852 | U47: KRW | V47: 토스뱅크 나눠모으기 통장
C48: JM | D48: 음료 | E48: =SUMIFS($T$3:$T$234,$P$3:$P$234,"지출",$Q$3:$Q$234,C48,$R$3:$R$234,D48) -> 0 | N48: 45765 | O48: 0.18107639 | P48: 수입 | Q48: 금융수입 | R48: 미분류 | S48: 자동 이자 | T48: 852 | U48: KRW | V48: 토스뱅크 나눠모으기 통장
C49: JM | D49: 기타 | E49: =SUMIFS($T$3:$T$234,$P$3:$P$234,"지출",$Q$3:$Q$234,C49,$R$3:$R$234,D49) -> -13700 | N49: 45765 | O49: 0.60309028 | P49: 지출 | Q49: 생활비 | R49: 식비 | S49: 쿠팡_쿠페이 | T49: -46090 | U49: KRW | V49: 대한항공카드 030
C50: JM 합계 | E50: =SUM(E46:E49) -> -13700 | N50: 45765 | O50: 0.61346065 | P50: 수입 | Q50: 기타 상여금 | R50: 미분류 | S50: 오토에버경비 | T50: 55199 | U50: KRW | V50: 월급/생활비
N51: 45765 | O51: 0.85344907 | P51: 지출 | Q51: 생활비 | R51: 식비 | S51: 쿠팡_쿠페이 | T51: -18000 | U51: KRW | V51: 대한항공카드 030
A52: [보유] | C52: 자산 | H52: 전달 이월 | I52: =INDIRECT(J1&"!I53") -> 169148261 | N52: 45766 | O52: 0.19540509 | P52: 수입 | Q52: 금융수입 | R52: 미분류 | S52: 자동 이자 | T52: 852 | U52: KRW | V52: 토스뱅크 나눠모으기 통장
C53: 항목 | D53: 상품명 | E53: 확인일 | F53: 금액 | H53: 월말 잔액 | I53: =SUM(F54:F71) -> 143139591 | N53: 45766 | O53: 0.77621528 | P53: 지출 | Q53: 생활비 | R53: 생활용품 | S53: 쿠팡_쿠페이 | T53: -6740 | U53: KRW | V53: 대한항공카드 030
C54: 입출금 | D54: 월급/생활비 | E54: 45779 | F54: 2127839 | H54: 차액 | I54: =I53-I52 -> -26008670 | N54: 45766 | O54: 0.82751157 | P54: 지출 | Q54: JM | R54: 기타 | S54: 쿠팡_쿠페이 | T54: -13700 | U54: KRW | V54: 대한항공카드 030 | W54: 하자점검용품
D55: 토스뱅크 | E55: 45779 | F55: 26135509 | N55: 45767 | O55: 0.19612269 | P55: 수입 | Q55: 금융수입 | R55: 미분류 | S55: 자동 이자 | T55: 852 | U55: KRW | V55: 토스뱅크 나눠모으기 통장
D56: 임시현금 | E56: 45779 | F56: 12000000 | N56: 45767 | O56: 0.94277778 | P56: 지출 | Q56: 기타 | R56: 가전제품 | S56: 네이버페이 | T56: -7040 | U56: KRW | V56: 네이버페이 간편결제
N57: 45768 | O57: 0.19648148 | P57: 수입 | Q57: 금융수입 | R57: 미분류 | S57: 자동 이자 | T57: 852 | U57: KRW | V57: 토스뱅크 나눠모으기 통장
C58: 적금 | D58: 주택청약종합 | E58: 45717 | F58: 6000000 | N58: 45768 | O58: 0.39460648 | P58: 지출 | Q58: 고정비 | R58: 휴대폰/인터넷 | S58: KT인터넷제휴납부 | T58: -22000 | U58: KRW | V58: 대한항공카드 030
C59: 현금 자산 | D59: 경기화폐(Tiss) | E59: 45779 | F59: 113685 | N59: 45768 | O59: 0.39460648 | P59: 지출 | Q59: 고정비 | R59: 휴대폰/인터넷 | S59: KT통신요금자동납부 | T59: -62590 | U59: KRW | V59: 대한항공카드 030
D60: 경기화폐(JM) | E60: 45779 | F60: 47150 | N60: 45768 | O60: 0.89953704 | P60: 지출 | Q60: Tiss | R60: 기타 | S60: 쿠팡_쿠페이 | T60: -5900 | U60: KRW | V60: 대한항공카드 030
D61: 복지포인트 | E61: 45779 | F61: 413450 | N61: 45768 | O61: 0.94300926 | P61: 지출 | Q61: 모임 | R61: 데이트 | S61: KCP_결제 | T61: -30000 | U61: KRW | V61: 복지포인트 | W61: 에버랜드 티켓
D62: 현금(JM) | E62: 45717 | F62: 7000000 | N62: 45769 | O62: 0.1996875 | P62: 수입 | Q62: 금융수입 | R62: 미분류 | S62: 자동 이자 | T62: 852 | U62: KRW | V62: 토스뱅크 나눠모으기 통장
D63: 온누리상품권 | E63: 45779 | F63: 782000 | N63: 45770 | O63: 0.19854167 | P63: 수입 | Q63: 금융수입 | R63: 미분류 | S63: 자동 이자 | T63: 852 | U63: KRW | V63: 토스뱅크 나눠모으기 통장
C64: 투자(증권) | D64: 주식(S/종합) | E64: 45689 | F64: 40070070 | G64: -14.87 | N64: 45770 | O64: 0.35898148 | P64: 지출 | Q64: 모임 | R64: 데이트 | S64: 진(眞) 부엉이꼬마김밥 기흥점 | T64: -13000 | U64: KRW | V64: KB국민 토심이 첵첵 체크카드(RF)
D65: 주식(S/ISA) | E65: 45779 | F65: 31255455 | G65: 4.62 | N65: 45770 | O65: 0.36337963 | P65: 지출 | Q65: 모임 | R65: 데이트 | S65: 르봉베이커리(LE BON BAKERY) | T65: -7500 | U65: KRW | V65: KB국민 토심이 첵첵 체크카드(RF)
D66: 예수금(S/종합) | E66: 45779 | F66: 266950 | N66: 45770 | O66: 0.37013889 | P66: 수입 | Q66: 기타 | R66: 미분류 | S66: 에버랜드(대결) | T66: 60000 | U66: KRW | V66: 복지포인트 | W66: 에버랜드 대결 입금(MS)
D67: 예수금(S/ISA) | E67: 45779 | F67: 100991 | N67: 45770 | O67: 0.37013889 | P67: 지출 | Q67: 기타 | R67: 기타 | S67: 에버랜드 | T67: -60000 | U67: KRW | V67: 복지포인트 | W67: 에버랜드 대결(MS)
D68: 카카오페이 | E68: 45779 | F68: 946464 | N68: 45770 | O68: 0.42290509 | P68: 지출 | Q68: 모임 | R68: 데이트 | S68: 삼성물산(주)에버랜드리조트 | T68: -3000 | U68: KRW | V68: KB국민 토심이 첵첵 체크카드(RF)
C69: 투자(코인) | D69: 코인(업비트) | E69: 45717 | F69: 3955637 | G69: 0.31 | N69: 45770 | O69: 0.46368056 | P69: 지출 | Q69: 모임 | R69: 데이트 | S69: 삼성물산(주)에버랜드리조트 | T69: -1500 | U69: KRW | V69: KB국민 토심이 첵첵 체크카드(RF)
D70: 현금(업비트) | E70: 45779 | F70: 11924391 | N70: 45770 | O70: 0.62157407 | P70: 지출 | Q70: 모임 | R70: 데이트 | S70: 삼성물산(주)에버랜드리조트 | T70: -7000 | U70: KRW | V70: KB국민 토심이 첵첵 체크카드(RF)
N71: 45770 | O71: 0.62758102 | P71: 지출 | Q71: 모임 | R71: 데이트 | S71: 삼성물산(주)에버랜드리조트 | T71: -6000 | U71: KRW | V71: KB국민 토심이 첵첵 체크카드(RF)
A72: [수입] | N72: 45770 | O72: 0.62914352 | P72: 지출 | Q72: 모임 | R72: 데이트 | S72: (주) 그랜드엔터프라이즈 | T72: -6000 | U72: KRW | V72: KB국민 토심이 첵첵 체크카드(RF)
A73: 대상월 | B73: SN | C73: 대분류 | E73: 예정 | F73: 전월 수입 | G73: 전월 차액 | H73: 수입 | I73: 수입-예정 | N73: 45770 | O73: 0.65449074 | P73: 수입 | Q73: JM | R73: 미분류 | S73: 정운한(꼼꼼하자) | T73: 420000 | U73: KRW | V73: 월급/생활비
A74: =$L$1 -> 202504 | B74: 1 | C74: 월급 | E74: =SUMIFS('수입&예산'!$C$4:$C$11,'수입&예산'!$A$4:$A$11,C74,'수입&예산'!$D$4:$D$11,"M")*10000+SUMIFS('수입&예산'!$C$4:$C$11,'수입&예산'!$A$4:$A$11,C74,'수입&예산'!$D$4:$D$11,"Y",'수입&예산'!$E$4:$E$11,$L$1)*10000 -> 5543000 | F74: =INDIRECT($J$1&"!H"&ROW()) -> 5282297 | G74: =H74-F74 -> 1393235 | H74: =SUMIFS($T$3:$T$234,$P$3:$P$234,"수입",$Q$3:$Q$234,C74) -> 6675532 | I74: =H74-E74 -> 1132532 | N74: 45770 | O74: 0.68958333 | P74: 지출 | Q74: 모임 | R74: 데이트 | S74: 용인우렁각시 | T74: -22000 | U74: KRW | V74: KB국민 토심이 첵첵 체크카드(RF)
A75: =$L$1 -> 202504 | B75: =B74+1 -> 2 | C75: 기타 상여금 | E75: =SUMIFS('수입&예산'!$C$4:$C$11,'수입&예산'!$A$4:$A$11,C75,'수입&예산'!$D$4:$D$11,"M")*10000+SUMIFS('수입&예산'!$C$4:$C$11,'수입&예산'!$A$4:$A$11,C75,'수입&예산'!$D$4:$D$11,"Y",'수입&예산'!$E$4:$E$11,$L$1)*10000 -> 55199 | F75: =INDIRECT($J$1&"!H"&ROW()) -> 55199 | G75: =H75-F75 -> 0 | H75: =SUMIFS($T$3:$T$234,$P$3:$P$234,"수입",$Q$3:$Q$234,C75) -> 55199 | I75: =H75-E75 -> 0 | N75: 45770 | O75: 0.72494213 | P75: 지출 | Q75: 기타 | R75: 가전제품 | S75: 네이버페이 | T75: -7200 | U75: KRW | V75: 네이버페이 간편결제
A76: =$L$1 -> 202504 | B76: =B75+1 -> 3 | C76: 보험금 | E76: =SUMIFS('수입&예산'!$C$4:$C$11,'수입&예산'!$A$4:$A$11,C76,'수입&예산'!$D$4:$D$11,"M")*10000+SUMIFS('수입&예산'!$C$4:$C$11,'수입&예산'!$A$4:$A$11,C76,'수입&예산'!$D$4:$D$11,"Y",'수입&예산'!$E$4:$E$11,$L$1)*10000 -> 0 | F76: =INDIRECT($J$1&"!H"&ROW()) -> 0 | G76: =H76-F76 -> 0 | H76: =SUMIFS($T$3:$T$234,$P$3:$P$234,"수입",$Q$3:$Q$234,C76) -> 0 | I76: =H76-E76 -> 0 | N76: 45770 | O76: 0.811875 | P76: 지출 | Q76: 고정비 | R76: 보험/연금 | S76: 삼성화04021 | T76: -14232 | U76: KRW | V76: 월급/생활비
A77: =$L$1 -> 202504 | B77: =B76+1 -> 4 | C77: 금융수입 | E77: =SUMIFS('수입&예산'!$C$4:$C$11,'수입&예산'!$A$4:$A$11,C77,'수입&예산'!$D$4:$D$11,"M")*10000+SUMIFS('수입&예산'!$C$4:$C$11,'수입&예산'!$A$4:$A$11,C77,'수입&예산'!$D$4:$D$11,"Y",'수입&예산'!$E$4:$E$11,$L$1)*10000 -> 0 | F77: =INDIRECT($J$1&"!H"&ROW()) -> 58589 | G77: =H77-F77 -> -17891 | H77: =SUMIFS($T$3:$T$234,$P$3:$P$234,"수입",$Q$3:$Q$234,C77) -> 40698 | I77: =H77-E77 -> 40698 | N77: 45771 | O77: 0.20024306 | P77: 수입 | Q77: 금융수입 | R77: 미분류 | S77: 자동 이자 | T77: 852 | U77: KRW | V77: 토스뱅크 나눠모으기 통장
A78: =$L$1 -> 202504 | B78: =B77+1 -> 5 | C78: 기타 | E78: =SUMIFS('수입&예산'!$C$4:$C$11,'수입&예산'!$A$4:$A$11,C78,'수입&예산'!$D$4:$D$11,"M")*10000+SUMIFS('수입&예산'!$C$4:$C$11,'수입&예산'!$A$4:$A$11,C78,'수입&예산'!$D$4:$D$11,"Y",'수입&예산'!$E$4:$E$11,$L$1)*10000 -> 0 | F78: =INDIRECT($J$1&"!H"&ROW()) -> 590000 | G78: =H78-F78 -> -530000 | H78: =SUMIFS($T$3:$T$234,$P$3:$P$234,"수입",$Q$3:$Q$234,C78) -> 60000 | I78: =H78-E78 -> 60000 | N78: 45771 | O78: 0.56208333 | P78: 지출 | Q78: 고정비 | R78: 아파트관리비 | S78: 아파트관리비 | T78: -267210 | U78: KRW | V78: 대한항공카드 030
A79: =$L$1 -> 202504 | B79: =B78+1 -> 6 | C79: JM | E79: =SUMIFS('수입&예산'!$C$4:$C$11,'수입&예산'!$A$4:$A$11,C79,'수입&예산'!$D$4:$D$11,"M")*10000+SUMIFS('수입&예산'!$C$4:$C$11,'수입&예산'!$A$4:$A$11,C79,'수입&예산'!$D$4:$D$11,"Y",'수입&예산'!$E$4:$E$11,$L$1)*10000 -> 0 | F79: 0 | G79: =H79-F79 -> 1560000 | H79: =SUMIFS($T$3:$T$234,$P$3:$P$234,"수입",$Q$3:$Q$234,C79) -> 1560000 | I79: =H79-E79 -> 1560000 | N79: 45771 | O79: 0.70710648 | P79: 수입 | Q79: JM | R79: 미분류 | S79: 정운한(꼼꼼하자) | T79: 275000 | U79: KRW | V79: 월급/생활비
A80: 합계 | E80: =SUM(E74:E79) -> 5598199 | F80: =SUM(F74:F79) -> 5986085 | G80: =SUM(G74:G79) -> 2405344 | H80: =SUM(H74:H79) -> 8391429 | I80: =SUM(I74:I79) -> 2793230 | N80: 45772 | O80: 0.19730324 | P80: 수입 | Q80: 금융수입 | R80: 미분류 | S80: 자동 이자 | T80: 852 | U80: KRW | V80: 토스뱅크 나눠모으기 통장
N81: 45772 | O81: 0.25361111 | P81: 수입 | Q81: 월급 | R81: 미분류 | S81: 급여현대오토에버 | T81: 6675532 | U81: KRW | V81: 월급/생활비
N82: 45772 | O82: 0.40773148 | P82: 지출 | Q82: 고정비 | R82: 기흥모임 | S82: 모임(기흥) | T82: -130000 | U82: KRW | V82: 월급/생활비
N83: 45772 | O83: 0.40773148 | P83: 지출 | Q83: 고정비 | R83: 부모님 | S83: TISS부모님 | T83: -100000 | U83: KRW | V83: 월급/생활비
N84: 45772 | O84: 0.42005787 | P84: 지출 | Q84: 고정비 | R84: 용돈 | S84: TISS용돈 | T84: -100000 | U84: KRW | V84: 월급/생활비
N85: 45772 | O85: 0.49309028 | P85: 지출 | Q85: 고정비 | R85: 구독형서비스 | S85: 쿠쿠홈시스 | T85: -13900 | U85: KRW | V85: 대한항공카드 030
N86: 45772 | O86: 0.49828704 | P86: 지출 | Q86: 고정비 | R86: 보험/연금 | S86: 현대해상화재보험 | T86: -62690 | U86: KRW | V86: 대한항공카드 030
N87: 45772 | O87: 0.81335648 | P87: 지출 | Q87: 고정비 | R87: 보험/연금 | S87: 삼성04000 | T87: -224943 | U87: KRW | V87: 월급/생활비
N88: 45772 | O88: 0.82578704 | P88: 지출 | Q88: 대출상환 | R88: 디딤돌 | S88: 주택금융공사 | T88: -892450 | U88: KRW | V88: 월급/생활비
N89: 45772 | O89: 0.84337963 | P89: 지출 | Q89: 기타 | R89: 기타 | S89: 2503추납금 | T89: -26654400 | U89: KRW | V89: 월급/생활비
N90: 45773 | O90: 0.19568287 | P90: 수입 | Q90: 금융수입 | R90: 미분류 | S90: 자동 이자 | T90: 852 | U90: KRW | V90: 토스뱅크 나눠모으기 통장 | W90: 국민연금 추가납부
N91: 45774 | O91: 0.1965625 | P91: 수입 | Q91: 금융수입 | R91: 미분류 | S91: 자동 이자 | T91: 852 | U91: KRW | V91: 토스뱅크 나눠모으기 통장
N92: 45774 | O92: 0.37326389 | P92: 지출 | Q92: Tiss | R92: 기타 | S92: 쿠팡_쿠페이 | T92: -9870 | U92: KRW | V92: 대한항공카드 030
N93: 45775 | O93: 0.19703704 | P93: 수입 | Q93: 금융수입 | R93: 미분류 | S93: 자동 이자 | T93: 852 | U93: KRW | V93: 토스뱅크 나눠모으기 통장
N94: 45775 | O94: 0.38030093 | P94: 지출 | Q94: Tiss | R94: 기타 | S94: 쿠팡_쿠페이 | T94: -16500 | U94: KRW | V94: 대한항공카드 030
N95: 45775 | O95: 0.64313657 | P95: 지출 | Q95: Tiss | R95: 기타 | S95: 쿠팡_쿠페이 | T95: -19760 | U95: KRW | V95: 대한항공카드 030
N96: 45776 | O96: 0.18226852 | P96: 수입 | Q96: 금융수입 | R96: 미분류 | S96: 자동 이자 | T96: 852 | U96: KRW | V96: 토스뱅크 나눠모으기 통장
N97: 45777 | O97: 0.067824074 | P97: 지출 | Q97: 고정비 | R97: 교통비 | S97: 티머니지하철 | T97: -2800 | U97: KRW | V97: HYUNDAI BLUE members Family M2 Edition2(그룹사_복지사원증)
N98: 45777 | O98: 0.067824074 | P98: 지출 | Q98: 고정비 | R98: 교통비 | S98: 경기시내버스 | T98: -3200 | U98: KRW | V98: HYUNDAI BLUE members Family M2 Edition2(그룹사_복지사원증)
N99: 45777 | O99: 0.19684028 | P99: 수입 | Q99: 금융수입 | R99: 미분류 | S99: 자동 이자 | T99: 852 | U99: KRW | V99: 토스뱅크 나눠모으기 통장
N100: 45777 | O100: 0.5462037 | P100: 수입 | Q100: JM | R100: 미분류 | S100: 정운한(꼼꼼하자) | T100: 570000 | U100: KRW | V100: 월급/생활비

Sheet 202505
A1: [지출] | I1: 전월 | J1: 202504 | K1: 당월 | L1: 202505 | N1: [소비 총계] | O1: =SUMIF(P3:P234,"지출",T3:T234) -> -3490452
A2: 대상월 | B2: SN | C2: 대분류 | D2: 중분류 | E2: 예산(기본) | F2: 예산(추가) | G2: 예산(합계) | H2: 전월 소비 | I2: 전월 차액 | J2: 소비 | K2: 예산-소비 | L2: 사용율 | N2: 날짜 | O2: 시간 | P2: 타입 | Q2: 대분류 | R2: 중분류 | S2: 내용 | T2: 금액 | U2: 화폐 | V2: 결제수단 | W2: 메모 | X2: 대상 | Y2: 과소비
A3: =$L$1 -> 202505 | B3: =ROW()-2 -> 1 | C3: 대출상환 | D3: 디딤돌 | E3: =SUMIFS('수입&예산'!$C$15:$C$34,'수입&예산'!$A$15:$A$34,C3,'수입&예산'!$B$15:$B$34,D3)*10000 -> 900000 | F3: 0 | G3: =SUM(E3:F3) -> 900000 | H3: =INDIRECT($J$1&"!J"&ROW()) -> -892450 | I3: =J3-H3 -> 12032 | J3: =VLOOKUP(A3,대출!$B$4:$G$363,3,FALSE)*-1 -> -880418 | K3: =G3+J3 -> 19582 | L3: =IF(G3=0,0,-J3/G3) -> 0.97824222 | N3: 45778 | O3: 0.19413194 | P3: 수입 | Q3: 금융수입 | R3: 미분류 | S3: 자동 이자 | T3: 852 | U3: KRW | V3: 토스뱅크 나눠모으기 통장
A4: =$L$1 -> 202505 | B4: =ROW()-2 -> 2 | C4: 고정비 | D4: 용돈 | E4: =SUMIFS('수입&예산'!$G$15:$G$27,'수입&예산'!$A$15:$A$27,C4,'수입&예산'!$B$15:$B$27,D4)*10000 -> 100000 | F4: 0 | G4: =SUM(E4:F4) -> 100000 | H4: =INDIRECT($J$1&"!J"&ROW()) -> -100000 | I4: =J4-H4 -> 0 | J4: =SUMIFS($T$3:$T$234,$P$3:$P$234,"지출",$Q$3:$Q$234,C4,$R$3:$R$234,D4) -> -100000 | K4: =G4+J4 -> 0 | L4: =IF(G4=0,0,-J4/G4) -> 1 | N4: 45778 | O4: 0.72358796 | P4: 수입 | Q4: JM | R4: 미분류 | S4: 정운한(꼼꼼하자) | T4: 250000 | U4: KRW | V4: 월급/생활비
A5: =$L$1 -> 202505 | B5: =ROW()-2 -> 3 | C5: 고정비 | D5: 휴대폰/인터넷 | E5: =SUMIFS('수입&예산'!$G$15:$G$27,'수입&예산'!$A$15:$A$27,C5,'수입&예산'!$B$15:$B$27,D5)*10000 -> 44000 | F5: 0 | G5: =SUM(E5:F5) -> 44000 | H5: =INDIRECT($J$1&"!J"&ROW()) -> -84590 | I5: =J5-H5 -> -51100 | J5: =SUMIFS($T$3:$T$234,$P$3:$P$234,"지출",$Q$3:$Q$234,C5,$R$3:$R$234,D5) -> -135690 | K5: =G5+J5 -> -91690 | L5: =IF(G5=0,0,-J5/G5) -> 3.0838636 | N5: 45779 | O5: 0.18466435 | P5: 수입 | Q5: 금융수입 | R5: 미분류 | S5: 자동 이자 | T5: 852 | U5: KRW | V5: 토스뱅크 나눠모으기 통장
A6: =$L$1 -> 202505 | B6: =ROW()-2 -> 4 | C6: 고정비 | D6: 아파트관리비 | E6: =SUMIFS('수입&예산'!$G$15:$G$27,'수입&예산'!$A$15:$A$27,C6,'수입&예산'!$B$15:$B$27,D6)*10000 -> 330000 | F6: 0 | G6: =SUM(E6:F6) -> 330000 | H6: =INDIRECT($J$1&"!J"&ROW()) -> -267210 | I6: =J6-H6 -> 10600 | J6: =SUMIFS($T$3:$T$234,$P$3:$P$234,"지출",$Q$3:$Q$234,C6,$R$3:$R$234,D6) -> -256610 | K6: =G6+J6 -> 73390 | L6: =IF(G6=0,0,-J6/G6) -> 0.77760606 | N6: 45779 | O6: 0.55578704 | P6: 이체 | Q6: 미분류 | R6: 미분류 | S6: 토뱅 박중현 | T6: -6000000 | U6: KRW | V6: 월급/생활비
A7: =$L$1 -> 202505 | B7: =ROW()-2 -> 5 | C7: 고정비 | D7: 기흥모임 | E7: =SUMIFS('수입&예산'!$G$15:$G$27,'수입&예산'!$A$15:$A$27,C7,'수입&예산'!$B$15:$B$27,D7)*10000 -> 130000 | F7: 0 | G7: =SUM(E7:F7) -> 130000 | H7: =INDIRECT($J$1&"!J"&ROW()) -> -130000 | I7: =J7-H7 -> 0 | J7: =SUMIFS($T$3:$T$234,$P$3:$P$234,"지출",$Q$3:$Q$234,C7,$R$3:$R$234,D7) -> -130000 | K7: =G7+J7 -> 0 | L7: =IF(G7=0,0,-J7/G7) -> 1 | N7: 45779 | O7: 0.55578704 | P7: 이체 | Q7: 미분류 | R7: 미분류 | S7: 박중현 | T7: 6000000 | U7: KRW | V7: 토스뱅크 통장
A8: =$L$1 -> 202505 | B8: =ROW()-2 -> 6 | C8: 고정비 | D8: 부모님 | E8: =SUMIFS('수입&예산'!$G$15:$G$27,'수입&예산'!$A$15:$A$27,C8,'수입&예산'!$B$15:$B$27,D8)*10000 -> 171000 | F8: 0 | G8: =SUM(E8:F8) -> 171000 | H8: =INDIRECT($J$1&"!J"&ROW()) -> -100000 | I8: =J8-H8 -> 0 | J8: =SUMIFS($T$3:$T$234,$P$3:$P$234,"지출",$Q$3:$Q$234,C8,$R$3:$R$234,D8) -> -100000 | K8: =G8+J8 -> 71000 | L8: =IF(G8=0,0,-J8/G8) -> 0.58479532 | N8: 45779 | O8: 0.5559838 | P8: 이체 | Q8: 미분류 | R8: 미분류 | S8: 비상금통장 | T8: -6000000 | U8: KRW | V8: 토스뱅크 통장
A9: =$L$1 -> 202505 | B9: =ROW()-2 -> 7 | C9: 고정비 | D9: 보험/연금 | E9: =SUMIFS('수입&예산'!$G$15:$G$27,'수입&예산'!$A$15:$A$27,C9,'수입&예산'!$B$15:$B$27,D9)*10000 -> 246000 | F9: 0 | G9: =SUM(E9:F9) -> 246000 | H9: =INDIRECT($J$1&"!J"&ROW()) -> -301865 | I9: =J9-H9 -> 0 | J9: =SUMIFS($T$3:$T$234,$P$3:$P$234,"지출",$Q$3:$Q$234,C9,$R$3:$R$234,D9) -> -301865 | K9: =G9+J9 -> -55865 | L9: =IF(G9=0,0,-J9/G9) -> 1.2270935 | N9: 45779 | O9: 0.5559838 | P9: 이체 | Q9: 미분류 | R9: 미분류 | S9: 채우기 | T9: 6000000 | U9: KRW | V9: 토스뱅크 나눠모으기 통장
A10: =$L$1 -> 202505 | B10: =ROW()-2 -> 8 | C10: 고정비 | D10: 교통비 | E10: =SUMIFS('수입&예산'!$G$15:$G$27,'수입&예산'!$A$15:$A$27,C10,'수입&예산'!$B$15:$B$27,D10)*10000 -> 160000 | F10: 0 | G10: =SUM(E10:F10) -> 160000 | H10: =INDIRECT($J$1&"!J"&ROW()) -> -79940 | I10: =J10-H10 -> -80800 | J10: =SUMIFS($T$3:$T$234,$P$3:$P$234,"지출",$Q$3:$Q$234,C10,$R$3:$R$234,D10) -> -160740 | K10: =G10+J10 -> -740 | L10: =IF(G10=0,0,-J10/G10) -> 1.004625 | N10: 45779 | O10: 0.75347222 | P10: 지출 | Q10: 모임 | R10: 데이트 | S10: 벌툰 기흥구청점 | T10: -18000 | U10: KRW | V10: KB국민 토심이 첵첵 체크카드(RF)
A11: =$L$1 -> 202505 | B11: =ROW()-2 -> 9 | C11: 고정비 | D11: 구독형서비스 | E11: =SUMIFS('수입&예산'!$G$15:$G$27,'수입&예산'!$A$15:$A$27,C11,'수입&예산'!$B$15:$B$27,D11)*10000 -> 44000 | F11: 0 | G11: =SUM(E11:F11) -> 44000 | H11: =INDIRECT($J$1&"!J"&ROW()) -> -21790 | I11: =J11-H11 -> 0 | J11: =SUMIFS($T$3:$T$234,$P$3:$P$234,"지출",$Q$3:$Q$234,C11,$R$3:$R$234,D11) -> -21790 | K11: =G11+J11 -> 22210 | L11: =IF(G11=0,0,-J11/G11) -> 0.49522727 | N11: 45779 | O11: 0.75694444 | P11: 지출 | Q11: 생활비 | R11: 외식 | S11: 명랑시대쌀핫도그 기흥구청점 | T11: -3400 | U11: KRW | V11: KB국민 토심이 첵첵 체크카드(RF)
A12: =$L$1 -> 202505 | B12: =ROW()-2 -> 10 | C12: 생활비 | E12: =SUMIFS('수입&예산'!$G$15:$G$27,'수입&예산'!$A$15:$A$27,C12)*10000 -> 350000 | F12: 0 | G12: =SUM(E12:F12) -> 350000 | H12: =INDIRECT($J$1&"!J"&ROW()) -> -602830 | I12: =J12-H12 -> -29360 | J12: =SUMIFS($T$3:$T$234,$P$3:$P$234,"지출",$Q$3:$Q$234,C12) -> -632190 | K12: =G12+J12 -> -282190 | L12: =IF(G12=0,0,-J12/G12) -> 1.8062571 | N12: 45779 | O12: 0.77060185 | P12: 지출 | Q12: 생활비 | R12: 식비 | S12: 에이마트 구갈점 | T12: -2970 | U12: KRW | V12: KB국민 토심이 첵첵 체크카드(RF)
A13: =$L$1 -> 202505 | B13: =ROW()-2 -> 11 | C13: 의료/건강 | E13: =SUMIFS('수입&예산'!$G$15:$G$27,'수입&예산'!$A$15:$A$27,C13)*10000 -> 0 | F13: =-J13 -> 30800 | G13: =SUM(E13:F13) -> 30800 | H13: =INDIRECT($J$1&"!J"&ROW()) -> -126000 | I13: =J13-H13 -> 95200 | J13: =SUMIFS($T$3:$T$234,$P$3:$P$234,"지출",$Q$3:$Q$234,C13) -> -30800 | K13: =G13+J13 -> 0 | L13: =IF(G13=0,0,-J13/G13) -> 1 | N13: 45779 | O13: 0.77601852 | P13: 지출 | Q13: 생활비 | R13: 식비 | S13: 용인축산물도소매센터 | T13: -19200 | U13: KRW | V13: KB국민 토심이 첵첵 체크카드(RF) | W13: 육회, 대패목살
A14: =$L$1 -> 202505 | B14: =ROW()-2 -> 12 | C14: 모임 | E14: =SUMIFS('수입&예산'!$G$15:$G$27,'수입&예산'!$A$15:$A$27,C14)*10000 -> 0 | F14: =-J14 -> 356100 | G14: =SUM(E14:F14) -> 356100 | H14: =INDIRECT($J$1&"!J"&ROW()) -> -132000 | I14: =J14-H14 -> -224100 | J14: =SUMIFS($T$3:$T$234,$P$3:$P$234,"지출",$Q$3:$Q$234,C14) -> -356100 | K14: =G14+J14 -> 0 | L14: =IF(G14=0,0,-J14/G14) -> 1 | N14: 45780 | O14: 0.18420139 | P14: 수입 | Q14: 금융수입 | R14: 미분류 | S14: 자동 이자 | T14: 1098 | U14: KRW | V14: 토스뱅크 나눠모으기 통장
A15: =$L$1 -> 202505 | B15: =ROW()-2 -> 13 | C15: Tiss | E15: =SUMIFS('수입&예산'!$G$15:$G$27,'수입&예산'!A15:A27,C15,'수입&예산'!$H$15:$H$27,L1)*10000 -> 0 | F15: 0 | G15: =SUM(E15:F15) -> 0 | H15: =INDIRECT($J$1&"!J"&ROW()) -> -52030 | I15: =J15-H15 -> 52030 | J15: =SUMIFS($T$3:$T$234,$P$3:$P$234,"지출",$Q$3:$Q$234,C15) -> 0 | K15: =G15+J15 -> 0 | L15: =IF(G15=0,0,-J15/G15) -> 0 | N15: 45780 | O15: 0.4016088 | P15: 지출 | Q15: 고정비 | R15: 구독형서비스 | S15: 쿠팡_와우멤버십 | T15: -7890 | U15: KRW | V15: 대한항공카드 030
A16: =$L$1 -> 202505 | B16: =ROW()-2 -> 14 | C16: JM | E16: =SUMIFS('수입&예산'!$G$15:$G$27,'수입&예산'!A16:A28,C16,'수입&예산'!$H$15:$H$27,L2)*10000 -> 0 | F16: 0 | G16: =SUM(E16:F16) -> 0 | H16: =INDIRECT($J$1&"!J"&ROW()) -> -13700 | I16: =J16-H16 -> 13700 | J16: =SUMIFS($T$3:$T$234,$P$3:$P$234,"지출",$Q$3:$Q$234,C16) -> 0 | K16: =G16+J16 -> 0 | L16: =IF(G16=0,0,-J16/G16) -> 0 | N16: 45781 | O16: 0.18394676 | P16: 수입 | Q16: 금융수입 | R16: 미분류 | S16: 자동 이자 | T16: 1098 | U16: KRW | V16: 토스뱅크 나눠모으기 통장
A17: =$L$1 -> 202505 | B17: =ROW()-2 -> 15 | C17: 세금 | E17: =SUMIFS('수입&예산'!$G$15:$G$27,'수입&예산'!A16:A28,C17,'수입&예산'!$H$15:$H$27,L2)*10000 -> 0 | F17: 0 | G17: =SUM(E17:F17) -> 0 | H17: =INDIRECT($J$1&"!J"&ROW()) -> 0 | I17: =J17-H17 -> 0 | J17: =SUMIFS($T$3:$T$234,$P$3:$P$234,"지출",$Q$3:$Q$234,C17) -> 0 | K17: =G17+J17 -> 0 | L17: =IF(G17=0,0,-J17/G17) -> 0 | N17: 45781 | O17: 0.44457176 | P17: 지출 | Q17: 의료/건강 | R17: 약국 | S17: 도담온누리약국 | T17: -4000 | U17: KRW | V17: KB국민 토심이 첵첵 체크카드(RF) | W17: 까스앤프리
A18: =$L$1 -> 202505 | B18: =ROW()-2 -> 16 | C18: 기타 | E18: =SUMIFS('수입&예산'!$G$15:$G$27,'수입&예산'!$A$15:$A$27,C18)*10000 -> 350000 | F18: =-J18 -> 361449 | G18: =SUM(E18:F18) -> 711449 | H18: =INDIRECT($J$1&"!J"&ROW()) -> -26865040 | I18: =J18-H18 -> 26503591 | J18: =SUMIFS($T$3:$T$234,$P$3:$P$234,"지출",$Q$3:$Q$234,C18) -> -361449 | K18: =G18+J18 -> 350000 | L18: =IF(G18=0,0,-J18/G18) -> 0.50804625 | N18: 45781 | O18: 0.5334838 | P18: 지출 | Q18: 생활비 | R18: 식비 | S18: 쿠팡_쿠페이 | T18: -5940 | U18: KRW | V18: 대한항공카드 030 | W18: 칠리소스
A19: 합계 | E19: =SUM(E3:E18) -> 2825000 | F19: =SUM(F3:F18) -> 748349 | G19: =SUM(G3:G18) -> 3573349 | H19: =SUM(H3:H18) -> -29769445 | I19: =SUM(I3:I18) -> 26301793 | J19: =SUM(J3:J18) -> -3467652 | K19: =SUM(K3:K18) -> 105697 | L19: =IF(G19=0,0,-J19/G19) -> 0.97042075 | N19: 45781 | O19: 0.68293981 | P19: 지출 | Q19: 생활비 | R19: 생활용품 | S19: *10원캐쉬백다이소 | T19: -1990 | U19: KRW | V19: 월급/생활비
I20: 예산(기본) 기준 | K20: =E19+J19 -> -642652 | L20: =IF(E19=0,0,-J19/E19) -> 1.2274874 | N20: 45781 | O20: 0.68840278 | P20: 지출 | Q20: 생활비 | R20: 식비 | S20: 롯데프리미엄푸드마켓기흥점 | T20: -7990 | U20: KRW | V20: 대한항공카드 030
N21: 45782 | O21: 0.18385417 | P21: 수입 | Q21: 금융수입 | R21: 미분류 | S21: 자동 이자 | T21: 1098 | U21: KRW | V21: 토스뱅크 나눠모으기 통장
A22: (상세) | C22: 대분류 | D22: 중분류 | E22: 소비금액 | N22: 45782 | O22: 0.37700231 | P22: 지출 | Q22: 기타 | R22: 선물 | S22: 쿠팡_쿠페이 | T22: -34900 | U22: KRW | V22: 대한항공카드 030 | W22: 경호형 똥꼬티(x2)
C23: 생활비 | D23: 식비 | E23: =SUMIFS($T$3:$T$234,$P$3:$P$234,"지출",$Q$3:$Q$234,C23,$R$3:$R$234,D23) -> -176200 | N23: 45782 | O23: 0.77944444 | P23: 지출 | Q23: 기타 | R23: 기타 | S23: 전주왔냥 | T23: -15500 | U23: KRW | V23: KB국민 토심이 첵첵 체크카드(RF) | W23: 기념품
C24: 생활비 | D24: 외식 | E24: =SUMIFS($T$3:$T$234,$P$3:$P$234,"지출",$Q$3:$Q$234,C24,$R$3:$R$234,D24) -> -139200 | N24: 45783 | O24: 0.18395833 | P24: 수입 | Q24: 금융수입 | R24: 미분류 | S24: 자동 이자 | T24: 1099 | U24: KRW | V24: 토스뱅크 나눠모으기 통장
C25: 생활비 | D25: 생활용품 | E25: =SUMIFS($T$3:$T$234,$P$3:$P$234,"지출",$Q$3:$Q$234,C25,$R$3:$R$234,D25) -> -316790 | N25: 45783 | O25: 0.31725694 | P25: 지출 | Q25: 모임 | R25: 가족 | S25: 조점례남문피순대 | T25: -47000 | U25: KRW | V25: 온누리상품권
C26: 생활비 | D26: 기타 | E26: =SUMIFS($T$3:$T$234,$P$3:$P$234,"지출",$Q$3:$Q$234,C26,$R$3:$R$234,D26) -> 0 | N26: 45783 | O26: 0.32430556 | P26: 지출 | Q26: 모임 | R26: 가족 | S26: 지에스25 한옥광장점 | T26: -3900 | U26: KRW | V26: 온누리상품권 | W26: GS25
C27: 생활비 합계 | E27: =SUM(E21:E26) -> -632190 | N27: 45783 | O27: 0.51571759 | P27: 지출 | Q27: 기타 | R27: 의복 | S27: 신성통상(주)TOPTEN 전주효자 | T27: -40000 | U27: KRW | V27: KB국민 토심이 첵첵 체크카드(RF) | W27: JM 작업복
C28: 모임 | D28: 데이트 | E28: =SUMIFS($T$3:$T$234,$P$3:$P$234,"지출",$Q$3:$Q$234,C28,$R$3:$R$234,D28) -> -184200 | N28: 45784 | O28: 0.18393519 | P28: 수입 | Q28: 금융수입 | R28: 미분류 | S28: 자동 이자 | T28: 1099 | U28: KRW | V28: 토스뱅크 나눠모으기 통장
C29: 모임 | D29: 가족 | E29: =SUMIFS($T$3:$T$234,$P$3:$P$234,"지출",$Q$3:$Q$234,C29,$R$3:$R$234,D29) -> -167900 | N29: 45784 | O29: 0.40827546 | P29: 지출 | Q29: 기타 | R29: 취미/운동 | S29: PLAYSTATION NETWORK | T29: -20825 | U29: KRW | V29: 대한항공카드 030
C30: 모임 | D30: 기타 | E30: =SUMIFS($T$3:$T$234,$P$3:$P$234,"지출",$Q$3:$Q$234,C30,$R$3:$R$234,D30) -> -4000 | N30: 45784 | O30: 0.47916667 | P30: 지출 | Q30: 생활비 | R30: 생활용품 | S30: 인터넷상거래_1 | T30: -53000 | U30: KRW | V30: 복지포인트 | W30: 휴대폰 그립
C31: 모임 합계 | E31: =SUM(E28:E30) -> -356100 | N31: 45784 | O31: 0.88502315 | P31: 수입 | Q31: JM | R31: 미분류 | S31: 정운한(꼼꼼하자) | T31: 100000 | U31: KRW | V31: 월급/생활비
C32: 기타 | D32: 경조사 | E32: =SUMIFS($T$3:$T$234,$P$3:$P$234,"지출",$Q$3:$Q$234,C32,$R$3:$R$234,D32) -> 0 | N32: 45785 | O32: 0.18623843 | P32: 수입 | Q32: 금융수입 | R32: 미분류 | S32: 자동 이자 | T32: 1099 | U32: KRW | V32: 토스뱅크 나눠모으기 통장
C33: 기타 | D33: 미용 | E33: =SUMIFS($T$3:$T$234,$P$3:$P$234,"지출",$Q$3:$Q$234,C33,$R$3:$R$234,D33) -> -63524 | N33: 45786 | O33: 0.23385417 | P33: 수입 | Q33: 금융수입 | R33: 미분류 | S33: 자동 이자 | T33: 1099 | U33: KRW | V33: 토스뱅크 나눠모으기 통장
C34: 기타 | D34: 의복 | E34: =SUMIFS($T$3:$T$234,$P$3:$P$234,"지출",$Q$3:$Q$234,C34,$R$3:$R$234,D34) -> -170900 | N34: 45786 | O34: 0.95203704 | P34: 이체 | Q34: 이체 | R34: 미분류 | S34: 박중현 | T34: 10000000 | U34: KRW | V34: 토스뱅크 통장 | W34: 업비트
C35: 기타 | D35: 선물 | E35: =SUMIFS($T$3:$T$234,$P$3:$P$234,"지출",$Q$3:$Q$234,C35,$R$3:$R$234,D35) -> -90700 | N35: 45786 | O35: 0.95224537 | P35: 이체 | Q35: 이체 | R35: 미분류 | S35: 비상금통장 | T35: -10000000 | U35: KRW | V35: 토스뱅크 통장 | W35: 업비트
C36: 기타 | D36: 교육 | E36: =SUMIFS($T$3:$T$234,$P$3:$P$234,"지출",$Q$3:$Q$234,C36,$R$3:$R$234,D36) -> 0 | N36: 45786 | O36: 0.95224537 | P36: 이체 | Q36: 이체 | R36: 미분류 | S36: 채우기 | T36: 10000000 | U36: KRW | V36: 토스뱅크 나눠모으기 통장 | W36: 업비트
C37: 기타 | D37: 기타 | E37: =SUMIFS($T$3:$T$234,$P$3:$P$234,"지출",$Q$3:$Q$234,C37,$R$3:$R$234,D37) -> -15500 | N37: 45787 | O37: 0.044259259 | P37: 수입 | Q37: 금융수입 | R37: 미분류 | S37: 입금 내역 | T37: 1423 | U37: KRW | V37: 월급/생활비
C38: 기타 | D38: 취미/운동 | E38: =SUMIFS($T$3:$T$234,$P$3:$P$234,"지출",$Q$3:$Q$234,C38,$R$3:$R$234,D38) -> -20825 | N38: 45787 | O38: 0.23366898 | P38: 수입 | Q38: 금융수입 | R38: 미분류 | S38: 자동 이자 | T38: 1522 | U38: KRW | V38: 토스뱅크 나눠모으기 통장
C39: 기타 | D39: 가전제품 | E39: =SUMIFS($T$3:$T$234,$P$3:$P$234,"지출",$Q$3:$Q$234,C39,$R$3:$R$234,D39) -> 0 | N39: 45787 | O39: 0.40060185 | P39: 지출 | Q39: 생활비 | R39: 식비 | S39: 쿠팡_쿠페이 | T39: -23600 | U39: KRW | V39: 대한항공카드 030 | W39: 메추리알(1kg), 소고기(국거리 300g), 팽이버섯, 마늘, 크랩살
C40: 기타 합계 | E40: =SUM(E32:E39) -> -361449 | N40: 45787 | O40: 0.46456019 | P40: 지출 | Q40: 생활비 | R40: 생활용품 | S40: 쿠팡_쿠페이 | T40: -18700 | U40: KRW | V40: 대한항공카드 030 | W40: 멀티탭(8구)
C41: Tiss | D41: 택시 | E41: =SUMIFS($T$3:$T$234,$P$3:$P$234,"지출",$Q$3:$Q$234,C41,$R$3:$R$234,D41) -> 0 | N41: 45787 | O41: 0.76027778 | P41: 지출 | Q41: 생활비 | R41: 외식 | S41: 쿠팡이츠 | T41: -11800 | U41: KRW | V41: 대한항공카드 030 | W41: 돈까스
C42: Tiss | D42: 모임 | E42: =SUMIFS($T$3:$T$234,$P$3:$P$234,"지출",$Q$3:$Q$234,C42,$R$3:$R$234,D42) -> 0 | N42: 45787 | O42: 0.77521991 | P42: 지출 | Q42: 생활비 | R42: 식비 | S42: 쿠팡_쿠페이 | T42: -11250 | U42: KRW | V42: 대한항공카드 030 | W42: 굴소스
C43: Tiss | D43: 음료 | E43: =SUMIFS($T$3:$T$234,$P$3:$P$234,"지출",$Q$3:$Q$234,C43,$R$3:$R$234,D43) -> 0 | N43: 45787 | O43: 0.83689815 | P43: 지출 | Q43: 고정비 | R43: 교통비 | S43: 티머니 | T43: -90000 | U43: KRW | V43: 월급/생활비 | W43: JM-교통비
C44: Tiss | D44: 기타 | E44: =SUMIFS($T$3:$T$234,$P$3:$P$234,"지출",$Q$3:$Q$234,C44,$R$3:$R$234,D44) -> 0 | N44: 45787 | O44: 0.8503588 | P44: 지출 | Q44: 고정비 | R44: 교통비 | S44: 교통비 | T44: -66420 | U44: KRW | V44: 월급/생활비 | W44: Tiss
C45: Tiss 합계 | E45: =SUM(E41:E44) -> 0 | N45: 45787 | O45: 0.85252315 | P45: 이체 | Q45: 이체 | R45: 미분류 | S45: 차액 | T45: -13436609 | U45: KRW | V45: 업비트
C46: JM | D46: 택시 | E46: =SUMIFS($T$3:$T$234,$P$3:$P$234,"지출",$Q$3:$Q$234,C46,$R$3:$R$234,D46) -> 0 | N46: 45788 | O46: 0.23335648 | P46: 수입 | Q46: 금융수입 | R46: 미분류 | S46: 자동 이자 | T46: 1522 | U46: KRW | V46: 토스뱅크 나눠모으기 통장
C47: JM | D47: 모임 | E47: =SUMIFS($T$3:$T$234,$P$3:$P$234,"지출",$Q$3:$Q$234,C47,$R$3:$R$234,D47) -> 0 | N47: 45789 | O47: 0.23439815 | P47: 수입 | Q47: 금융수입 | R47: 미분류 | S47: 자동 이자 | T47: 1522 | U47: KRW | V47: 토스뱅크 나눠모으기 통장
C48: JM | D48: 음료 | E48: =SUMIFS($T$3:$T$234,$P$3:$P$234,"지출",$Q$3:$Q$234,C48,$R$3:$R$234,D48) -> 0 | N48: 45789 | O48: 0.82834491 | P48: 이체 | Q48: 카드대금 | R48: 미분류 | S48: 현대카드대금 | T48: -851280 | U48: KRW | V48: 월급/생활비
C49: JM | D49: 기타 | E49: =SUMIFS($T$3:$T$234,$P$3:$P$234,"지출",$Q$3:$Q$234,C49,$R$3:$R$234,D49) -> 0 | N49: 45789 | O49: 0.96790509 | P49: 지출 | Q49: 생활비 | R49: 생활용품 | S49: 쿠팡_쿠페이 | T49: -19620 | U49: KRW | V49: 대한항공카드 030 | W49: 노트북 파우치
C50: JM 합계 | E50: =SUM(E46:E49) -> 0 | N50: 45790 | O50: 0.18755787 | P50: 수입 | Q50: 금융수입 | R50: 미분류 | S50: 자동 이자 | T50: 1522 | U50: KRW | V50: 토스뱅크 나눠모으기 통장
N51: 45790 | O51: 0.63976852 | P51: 지출 | Q51: 의료/건강 | R51: 미분류 | S51: 연세속앤마디편한의원 | T51: -5500 | U51: KRW | V51: KB국민 토심이 첵첵 체크카드(RF)
A52: [보유] | C52: 자산 | H52: 전달 이월 | I52: =INDIRECT(J1&"!I53") -> 143139591 | N52: 45790 | O52: 0.640625 | P52: 지출 | Q52: 의료/건강 | R52: 약국 | S52: 3층 온누리약국 | T52: -12600 | U52: KRW | V52: KB국민 토심이 첵첵 체크카드(RF)
C53: 항목 | D53: 상품명 | E53: 확인일 | F53: 금액 | H53: 월말 잔액 | I53: =SUM(F54:F71) -> 125753202 | N53: 45791 | O53: 0.22224537 | P53: 수입 | Q53: 금융수입 | R53: 미분류 | S53: 자동 이자 | T53: 1522 | U53: KRW | V53: 토스뱅크 나눠모으기 통장
C54: 입출금 | D54: 월급/생활비 | E54: 45717 | F54: 6830239 | H54: 차액 | I54: =I53-I52 -> -17386389 | N54: 45791 | O54: 0.69215278 | P54: 수입 | Q54: JM | R54: 미분류 | S54: 정운한(꼼꼼하자) | T54: 400000 | U54: KRW | V54: 월급/생활비
D55: 토스뱅크 | E55: 45717 | F55: 0 | N55: 45792 | O55: 0.23768519 | P55: 수입 | Q55: 금융수입 | R55: 미분류 | S55: 자동 이자 | T55: 1522 | U55: KRW | V55: 토스뱅크 나눠모으기 통장
D56: 임시현금 | E56: 45717 | F56: 12000000 | N56: 45792 | O56: 0.52344907 | P56: 지출 | Q56: 의료/건강 | R56: 미분류 | S56: 유리아의원 | T56: -5500 | U56: KRW | V56: KB국민 토심이 첵첵 체크카드(RF) | W56: JM 피부과
N57: 45792 | O57: 0.52863426 | P57: 지출 | Q57: 의료/건강 | R57: 약국 | S57: 구갈온누리약국 | T57: -2000 | U57: KRW | V57: 온누리상품권 | W57: JM 피부과 약국
C58: 적금 | D58: 주택청약종합 | E58: 45717 | F58: 6000000 | N58: 45792 | O58: 0.755 | P58: 수입 | Q58: JM | R58: 미분류 | S58: 정운한(꼼꼼하자) | T58: 300000 | U58: KRW | V58: 월급/생활비
C59: 현금 자산 | D59: 경기화폐(Tiss) | E59: 45717 | F59: 113685 | N59: 45793 | O59: 0.17158565 | P59: 수입 | Q59: 금융수입 | R59: 미분류 | S59: 자동 이자 | T59: 1522 | U59: KRW | V59: 토스뱅크 나눠모으기 통장
D60: 경기화폐(JM) | E60: 45717 | F60: 47150 | N60: 45793 | O60: 0.52075231 | P60: 지출 | Q60: 기타 | R60: 선물 | S60: 주식회사 카카오 | T60: -55800 | U60: KRW | V60: 카카오페이 머니 | W60: 현우책임 생선
D61: 복지포인트 | E61: 45717 | F61: 117850 | N61: 45793 | O61: 0.72349537 | P61: 지출 | Q61: 생활비 | R61: 외식 | S61: 쿠팡이츠 | T61: -21500 | U61: KRW | V61: 복지포인트 | W61: 불란집떡볶이
D62: 현금(JM) | E62: 45717 | F62: 7000000 | N62: 45794 | O62: 0.17325231 | P62: 수입 | Q62: 금융수입 | R62: 미분류 | S62: 자동 이자 | T62: 1522 | U62: KRW | V62: 토스뱅크 나눠모으기 통장
D63: 온누리상품권 | E63: 45717 | F63: 701100 | N63: 45794 | O63: 0.48686343 | P63: 이체 | Q63: 이체 | R63: 미분류 | S63: 변*원 | T63: 10000 | U63: KRW | V63: 카카오페이 머니
C64: 투자(증권) | D64: 주식(S/종합) | E64: 45689 | F64: 42145180 | N64: 45794 | O64: 0.66168981 | P64: 지출 | Q64: 생활비 | R64: 식비 | S64: 쿠팡_쿠페이 | T64: -19530 | U64: KRW | V64: 대한항공카드 030 | W64: 방토, 양파, 두부, 콩나물
D65: 주식(S/ISA) | E65: 45689 | F65: 33583395 | N65: 45795 | O65: 0.17100694 | P65: 수입 | Q65: 금융수입 | R65: 미분류 | S65: 자동 이자 | T65: 1523 | U65: KRW | V65: 토스뱅크 나눠모으기 통장
D66: 예수금(S/종합) | E66: 45689 | F66: 649551 | N66: 45796 | O66: 0.16996528 | P66: 수입 | Q66: 금융수입 | R66: 미분류 | S66: 자동 이자 | T66: 1523 | U66: KRW | V66: 토스뱅크 나눠모으기 통장
D67: 예수금(S/ISA) | E67: 45689 | F67: 100970 | N67: 45796 | O67: 0.37291667 | P67: 지출 | Q67: 고정비 | R67: 휴대폰/인터넷 | S67: KT인터넷제휴납부 | T67: -22000 | U67: KRW | V67: 대한항공카드 030
D68: 카카오페이 | E68: 45717 | F68: 1073346 | N68: 45796 | O68: 0.37291667 | P68: 지출 | Q68: 고정비 | R68: 휴대폰/인터넷 | S68: KT통신요금자동납부 | T68: -113690 | U68: KRW | V68: 대한항공카드 030
C69: 투자(코인) | D69: 코인(업비트) | E69: 45717 | F69: =3866452+2847005 -> 6713457 | N69: 45796 | O69: 0.48158565 | P69: 지출 | Q69: 생활비 | R69: 식비 | S69: 쿠팡_쿠페이 | T69: -43340 | U69: KRW | V69: 대한항공카드 030 | W69: 요거트 감자 하루견과
D70: 현금(업비트) | E70: 45717 | F70: 8677279 | N70: 45796 | O70: 0.58967593 | P70: 지출 | Q70: 생활비 | R70: 생활용품 | S70: 쿠팡_쿠페이 | T70: -32820 | U70: KRW | V70: 대한항공카드 030 | W70: 셀카봉 삼각대
N71: 45796 | O71: 0.64305556 | P71: 수입 | Q71: 기타 상여금 | R71: 미분류 | S71: 오토에버경비 | T71: 55199 | U71: KRW | V71: 월급/생활비
A72: [수입] | N72: 45796 | O72: 0.89833333 | P72: 지출 | Q72: 생활비 | R72: 식비 | S72: GS25기흥센트럴점 | T72: -5300 | U72: KRW | V72: 대한항공카드 030 | W72: JM 편의점 도시락
A73: 대상월 | B73: SN | C73: 대분류 | E73: 예정 | F73: 전월 수입 | G73: 전월 차액 | H73: 수입 | I73: 수입-예정 | N73: 45797 | O73: 0.16928241 | P73: 수입 | Q73: 금융수입 | R73: 미분류 | S73: 자동 이자 | T73: 1523 | U73: KRW | V73: 토스뱅크 나눠모으기 통장
A74: =$L$1 -> 202505 | B74: 1 | C74: 월급 | E74: =SUMIFS('수입&예산'!$C$4:$C$11,'수입&예산'!$A$4:$A$11,C74,'수입&예산'!$D$4:$D$11,"M")*10000+SUMIFS('수입&예산'!$C$4:$C$11,'수입&예산'!$A$4:$A$11,C74,'수입&예산'!$D$4:$D$11,"Y",'수입&예산'!$E$4:$E$11,$L$1)*10000 -> 5543000 | F74: =INDIRECT($J$1&"!H"&ROW()) -> 6675532 | G74: =H74-F74 -> -518104 | H74: =SUMIFS($T$3:$T$234,$P$3:$P$234,"수입",$Q$3:$Q$234,C74) -> 6157428 | I74: =H74-E74 -> 614428 | N74: 45797 | O74: 0.51400463 | P74: 수입 | Q74: 기타 | R74: 미분류 | S74: 네이버5878 | T74: 1 | U74: KRW | V74: 월급/생활비
A75: =$L$1 -> 202505 | B75: =B74+1 -> 2 | C75: 기타 상여금 | E75: =SUMIFS('수입&예산'!$C$4:$C$11,'수입&예산'!$A$4:$A$11,C75,'수입&예산'!$D$4:$D$11,"M")*10000+SUMIFS('수입&예산'!$C$4:$C$11,'수입&예산'!$A$4:$A$11,C75,'수입&예산'!$D$4:$D$11,"Y",'수입&예산'!$E$4:$E$11,$L$1)*10000 -> 55199 | F75: =INDIRECT($J$1&"!H"&ROW()) -> 55199 | G75: =H75-F75 -> 0 | H75: =SUMIFS($T$3:$T$234,$P$3:$P$234,"수입",$Q$3:$Q$234,C75) -> 55199 | I75: =H75-E75 -> 0 | N75: 45798 | O75: 0.16951389 | P75: 수입 | Q75: 금융수입 | R75: 미분류 | S75: 자동 이자 | T75: 1523 | U75: KRW | V75: 토스뱅크 나눠모으기 통장
A76: =$L$1 -> 202505 | B76: =B75+1 -> 3 | C76: 보험금 | E76: =SUMIFS('수입&예산'!$C$4:$C$11,'수입&예산'!$A$4:$A$11,C76,'수입&예산'!$D$4:$D$11,"M")*10000+SUMIFS('수입&예산'!$C$4:$C$11,'수입&예산'!$A$4:$A$11,C76,'수입&예산'!$D$4:$D$11,"Y",'수입&예산'!$E$4:$E$11,$L$1)*10000 -> 0 | F76: =INDIRECT($J$1&"!H"&ROW()) -> 0 | G76: =H76-F76 -> 0 | H76: =SUMIFS($T$3:$T$234,$P$3:$P$234,"수입",$Q$3:$Q$234,C76) -> 0 | I76: =H76-E76 -> 0 | N76: 45798 | O76: 0.73519676 | P76: 수입 | Q76: JM | R76: 미분류 | S76: 정운한(꼼꼼하자) | T76: 320000 | U76: KRW | V76: 월급/생활비
A77: =$L$1 -> 202505 | B77: =B76+1 -> 4 | C77: 금융수입 | E77: =SUMIFS('수입&예산'!$C$4:$C$11,'수입&예산'!$A$4:$A$11,C77,'수입&예산'!$D$4:$D$11,"M")*10000+SUMIFS('수입&예산'!$C$4:$C$11,'수입&예산'!$A$4:$A$11,C77,'수입&예산'!$D$4:$D$11,"Y",'수입&예산'!$E$4:$E$11,$L$1)*10000 -> 0 | F77: =INDIRECT($J$1&"!H"&ROW()) -> 40698 | G77: =H77-F77 -> 3439 | H77: =SUMIFS($T$3:$T$234,$P$3:$P$234,"수입",$Q$3:$Q$234,C77) -> 44137 | I77: =H77-E77 -> 44137 | N77: 45798 | O77: 0.84428241 | P77: 이체 | Q77: 카드대금 | R77: 미분류 | S77: 현대카드대금 | T77: -49700 | U77: KRW | V77: 월급/생활비
A78: =$L$1 -> 202505 | B78: =B77+1 -> 5 | C78: 기타 | E78: =SUMIFS('수입&예산'!$C$4:$C$11,'수입&예산'!$A$4:$A$11,C78,'수입&예산'!$D$4:$D$11,"M")*10000+SUMIFS('수입&예산'!$C$4:$C$11,'수입&예산'!$A$4:$A$11,C78,'수입&예산'!$D$4:$D$11,"Y",'수입&예산'!$E$4:$E$11,$L$1)*10000 -> 0 | F78: =INDIRECT($J$1&"!H"&ROW()) -> 60000 | G78: =H78-F78 -> -59997 | H78: =SUMIFS($T$3:$T$234,$P$3:$P$234,"수입",$Q$3:$Q$234,C78) -> 3 | I78: =H78-E78 -> 3 | N78: 45799 | O78: 0.23582176 | P78: 수입 | Q78: 금융수입 | R78: 미분류 | S78: 자동 이자 | T78: 1523 | U78: KRW | V78: 토스뱅크 나눠모으기 통장
A79: =$L$1 -> 202505 | B79: =B78+1 -> 6 | C79: JM | E79: =SUMIFS('수입&예산'!$C$4:$C$11,'수입&예산'!$A$4:$A$11,C79,'수입&예산'!$D$4:$D$11,"M")*10000+SUMIFS('수입&예산'!$C$4:$C$11,'수입&예산'!$A$4:$A$11,C79,'수입&예산'!$D$4:$D$11,"Y",'수입&예산'!$E$4:$E$11,$L$1)*10000 -> 0 | F79: =INDIRECT($J$1&"!H"&ROW()) -> 1560000 | G79: =H79-F79 -> 85000 | H79: =SUMIFS($T$3:$T$234,$P$3:$P$234,"수입",$Q$3:$Q$234,C79) -> 1645000 | I79: =H79-E79 -> 1645000 | N79: 45799 | O79: 0.34224537 | P79: 지출 | Q79: 생활비 | R79: 외식 | S79: 쿠팡이츠 | T79: -21200 | U79: KRW | V79: 복지포인트
A80: 합계 | E80: =SUM(E74:E79) -> 5598199 | F80: =SUM(F74:F79) -> 8391429 | G80: =SUM(G74:G79) -> -489662 | H80: =SUM(H74:H79) -> 7901767 | I80: =SUM(I74:I79) -> 2303568 | N80: 45799 | O80: 0.42334491 | P80: 지출 | Q80: 모임 | R80: 데이트 | S80: (주)파랑새투어 | T80: -67800 | U80: KRW | V80: 월급/생활비 | W80: 5/25(일) 대전 여행
N81: 45799 | O81: 0.6390625 | P81: 지출 | Q81: 생활비 | R81: 외식 | S81: 불란집떡볶이 | T81: -14500 | U81: KRW | V81: KB국민 토심이 첵첵 체크카드(RF)
N82: 45799 | O82: 0.66107639 | P82: 지출 | Q82: 모임 | R82: 기타 | S82: 본테르(de bonne terre) | T82: -4000 | U82: KRW | V82: KB국민 토심이 첵첵 체크카드(RF)
N83: 45799 | O83: 0.76208333 | P83: 수입 | Q83: JM | R83: 미분류 | S83: 정운한(꼼꼼하자) | T83: 200000 | U83: KRW | V83: 월급/생활비
N84: 45800 | O84: 0.18471065 | P84: 수입 | Q84: 금융수입 | R84: 미분류 | S84: 자동 이자 | T84: 1523 | U84: KRW | V84: 토스뱅크 나눠모으기 통장
N85: 45800 | O85: 0.25431713 | P85: 수입 | Q85: 월급 | R85: 미분류 | S85: 급여현대오토에버 | T85: 6157428 | U85: KRW | V85: 월급/생활비
N86: 45800 | O86: 0.49346065 | P86: 지출 | Q86: 생활비 | R86: 생활용품 | S86: 쿠팡_쿠페이 | T86: -52770 | U86: KRW | V86: 대한항공카드 030
N87: 45800 | O87: 0.81274306 | P87: 지출 | Q87: 고정비 | R87: 보험/연금 | S87: 삼성화05022 | T87: -14232 | U87: KRW | V87: 월급/생활비
N88: 45801 | O88: 0.18505787 | P88: 수입 | Q88: 금융수입 | R88: 미분류 | S88: 자동 이자 | T88: 1523 | U88: KRW | V88: 토스뱅크 나눠모으기 통장
N89: 45801 | O89: 0.46211806 | P89: 지출 | Q89: 모임 | R89: 가족 | S89: 본테르 | T89: -8000 | U89: KRW | V89: 대한항공카드 030
N90: 45801 | O90: 0.46680556 | P90: 지출 | Q90: 모임 | R90: 가족 | S90: 골목집 | T90: -29000 | U90: KRW | V90: 복지포인트
N91: 45801 | O91: 0.48175926 | P91: 지출 | Q91: 모임 | R91: 가족 | S91: 카카오T일반택시_0 | T91: -14500 | U91: KRW | V91: 대한항공카드 030
N92: 45801 | O92: 0.52921296 | P92: 지출 | Q92: 생활비 | R92: 생활용품 | S92: 쿠팡_쿠페이 | T92: -46800 | U92: KRW | V92: 대한항공카드 030
... N97: 45802 | O97: 0.18508102 | P97: 수입 | Q97: 금융수입 | R97: 미분류 | S97: 자동 이자 | T97: 1523 | U97: KRW | V97: 토스뱅크 나눠모으기 통장
N98: 45802 | O98: 0.27761574 | P98: 지출 | Q98: 모임 | R98: 가족 | S98: 씨유CU성균관대역점 | T98: -2400 | U98: KRW | V98: 대한항공카드 030 | W98: 삼각김밥
N99: 45802 | O99: 0.28427083 | P99: 지출 | Q99: 모임 | R99: 데이트 | S99: 씨유CU성균관대역점 | T99: -3600 | U99: KRW | V99: 대한항공카드 030 | W99: CU 연세롤
N100: 45802 | O100: 0.46719907 | P100: 지출 | Q100: 모임 | R100: 데이트 | S100: 스모프치킨 | T100: -24000 | U100: KRW | V100: 온누리상품권
N101: 45802 | O101: 0.4712037 | P101: 지출 | Q101: 모임 | R101: 데이트 | S101: 수연분식 | T101: -4000 | U101: KRW | V101: 온누리상품권
N102: 45802 | O102: 0.48003472 | P102: 지출 | Q102: 모임 | R102: 데이트 | S102: 다르다company | T102: -2000 | U102: KRW | V102: KB국민 토심이 첵첵 체크카드(RF) | W102: 대전 중앙시장 붕어빵(피자)
N103: 45802 | O103: 0.49282407 | P103: 지출 | Q103: 모임 | R103: 데이트 | S103: 토스 이희대 | T103: -6000 | U103: KRW | V103: 월급/생활비 | W103: 대전 중앙시장 계란빵
N104: 45802 | O104: 0.58795139 | P104: 지출 | Q104: 모임 | R104: 데이트 | S104: 인터뷰 카페 | T104: -12000 | U104: KRW | V104: KB국민 토심이 첵첵 체크카드(RF) | W104: 제주 착즙쥬스(x2)
...

Sheet 202506
A1: [지출] | I1: 전월 | J1: 202505 | K1: 당월 | L1: 202506 | N1: [소비 총계] | O1: =SUMIF(P3:P234,"지출",T3:T234) -> -4559718
A2: 대상월 | B2: SN | C2: 대분류 | D2: 중분류 | E2: 예산(기본) | F2: 예산(추가) | G2: 예산(합계) | H2: 전월 소비 | I2: 전월 차액 | J2: 소비 | K2: 예산-소비 | L2: 사용율 | N2: 날짜 | O2: 시간 | P2: 타입 | Q2: 대분류 | R2: 중분류 | S2: 내용 | T2: 금액 | U2: 화폐 | V2: 결제수단 | W2: 메모 | X2: 대상 | Y2: 과소비
A3: =$L$1 -> 202506 | B3: =ROW()-2 -> 1 | C3: 대출상환 | D3: 디딤돌 | E3: =SUMIFS('수입&예산'!$C$15:$C$34,'수입&예산'!$A$15:$A$34,C3,'수입&예산'!$B$15:$B$34,D3)*10000 -> 900000 | F3: 0 | G3: =SUM(E3:F3) -> 900000 | H3: =INDIRECT($J$1&"!J"&ROW()) -> -880418 | I3: =J3-H3 -> -9625 | J3: =VLOOKUP(A3,대출!$B$4:$G$363,3,FALSE)*-1 -> -890043 | K3: =G3+J3 -> 9957 | L3: =IF(G3=0,0,-J3/G3) -> 0.98893667 | N3: 45809 | O3: 0.23864583 | P3: 수입 | Q3: 금융수입 | R3: 미분류 | S3: 자동 이자 | T3: 1345 | U3: KRW | V3: 토스뱅크 나눠모으기 통장
A4: =$L$1 -> 202506 | B4: =ROW()-2 -> 2 | C4: 고정비 | D4: 용돈 | E4: =SUMIFS('수입&예산'!$G$15:$G$27,'수입&예산'!$A$15:$A$27,C4,'수입&예산'!$B$15:$B$27,D4)*10000 -> 100000 | F4: 0 | G4: =SUM(E4:F4) -> 100000 | H4: =INDIRECT($J$1&"!J"&ROW()) -> -100000 | I4: =J4-H4 -> 0 | J4: =SUMIFS($T$3:$T$234,$P$3:$P$234,"지출",$Q$3:$Q$234,C4,$R$3:$R$234,D4) -> -100000 | K4: =G4+J4 -> 0 | L4: =IF(G4=0,0,-J4/G4) -> 1 | N4: 45810 | O4: 0.23510417 | P4: 수입 | Q4: 금융수입 | R4: 미분류 | S4: 자동 이자 | T4: 1345 | U4: KRW | V4: 토스뱅크 나눠모으기 통장
A5: =$L$1 -> 202506 | B5: =ROW()-2 -> 3 | C5: 고정비 | D5: 휴대폰/인터넷 | E5: =SUMIFS('수입&예산'!$G$15:$G$27,'수입&예산'!$A$15:$A$27,C5,'수입&예산'!$B$15:$B$27,D5)*10000 -> 44000 | F5: 0 | G5: =SUM(E5:F5) -> 44000 | H5: =INDIRECT($J$1&"!J"&ROW()) -> -135690 | I5: =J5-H5 -> -28200 | J5: =SUMIFS($T$3:$T$234,$P$3:$P$234,"지출",$Q$3:$Q$234,C5,$R$3:$R$234,D5) -> -163890 | K5: =G5+J5 -> -119890 | L5: =IF(G5=0,0,-J5/G5) -> 3.7247727 | N5: 45810 | O5: 0.32895833 | P5: 수입 | Q5: 기타 | R5: 미분류 | S5: 네이버0064 | T5: 1 | U5: KRW | V5: 월급/생활비
A6: =$L$1 -> 202506 | B6: =ROW()-2 -> 4 | C6: 고정비 | D6: 아파트관리비 | E6: =SUMIFS('수입&예산'!$G$15:$G$27,'수입&예산'!$A$15:$A$27,C6,'수입&예산'!$B$15:$B$27,D6)*10000 -> 330000 | F6: 0 | G6: =SUM(E6:F6) -> 330000 | H6: =INDIRECT($J$1&"!J"&ROW()) -> -256610 | I6: =J6-H6 -> 15250 | J6: =SUMIFS($T$3:$T$234,$P$3:$P$234,"지출",$Q$3:$Q$234,C6,$R$3:$R$234,D6) -> -241360 | K6: =G6+J6 -> 88640 | L6: =IF(G6=0,0,-J6/G6) -> 0.73139394 | N6: 45810 | O6: 0.39443287 | P6: 지출 | Q6: 생활비 | R6: 외식 | S6: 배민페이_배민원 | T6: -38000 | U6: KRW | V6: 대한항공카드 030 | W6: 청해-탕수육 세트
A7: =$L$1 -> 202506 | B7: =ROW()-2 -> 5 | C7: 고정비 | D7: 기흥모임 | E7: =SUMIFS('수입&예산'!$G$15:$G$27,'수입&예산'!$A$15:$A$27,C7,'수입&예산'!$B$15:$B$27,D7)*10000 -> 130000 | F7: 0 | G7: =SUM(E7:F7) -> 130000 | H7: =INDIRECT($J$1&"!J"&ROW()) -> -130000 | I7: =J7-H7 -> 0 | J7: =SUMIFS($T$3:$T$234,$P$3:$P$234,"지출",$Q$3:$Q$234,C7,$R$3:$R$234,D7) -> -130000 | K7: =G7+J7 -> 0 | L7: =IF(G7=0,0,-J7/G7) -> 1 | N7: 45810 | O7: 0.72373843 | P7: 지출 | Q7: 생활비 | R7: 식비 | S7: 노브랜드 용인 구갈점 | T7: -11340 | U7: KRW | V7: KB국민 토심이 첵첵 체크카드(RF)
A8: =$L$1 -> 202506 | B8: =ROW()-2 -> 6 | C8: 고정비 | D8: 부모님 | E8: =SUMIFS('수입&예산'!$G$15:$G$27,'수입&예산'!$A$15:$A$27,C8,'수입&예산'!$B$15:$B$27,D8)*10000 -> 171000 | F8: 0 | G8: =SUM(E8:F8) -> 171000 | H8: =INDIRECT($J$1&"!J"&ROW()) -> -100000 | I8: =J8-H8 -> 0 | J8: =SUMIFS($T$3:$T$234,$P$3:$P$234,"지출",$Q$3:$Q$234,C8,$R$3:$R$234,D8) -> -100000 | K8: =G8+J8 -> 71000 | L8: =IF(G8=0,0,-J8/G8) -> 0.58479532 | N8: 45810 | O8: 0.72509259 | P8: 지출 | Q8: 생활비 | R8: 외식 | S8: 곱빼기 국수가게 | T8: -12500 | U8: KRW | V8: KB국민 토심이 첵첵 체크카드(RF)
A9: =$L$1 -> 202506 | B9: =ROW()-2 -> 7 | C9: 고정비 | D9: 보험/연금 | E9: =SUMIFS('수입&예산'!$G$15:$G$27,'수입&예산'!$A$15:$A$27,C9,'수입&예산'!$B$15:$B$27,D9)*10000 -> 246000 | F9: 0 | G9: =SUM(E9:F9) -> 246000 | H9: =INDIRECT($J$1&"!J"&ROW()) -> -301865 | I9: =J9-H9 -> 0 | J9: =SUMIFS($T$3:$T$234,$P$3:$P$234,"지출",$Q$3:$Q$234,C9,$R$3:$R$234,D9) -> -301865 | K9: =G9+J9 -> -55865 | L9: =IF(G9=0,0,-J9/G9) -> 1.2270935 | N9: 45811 | O9: 0.23859954 | P9: 수입 | Q9: 금융수입 | R9: 미분류 | S9: 자동 이자 | T9: 1345 | U9: KRW | V9: 토스뱅크 나눠모으기 통장
A10: =$L$1 -> 202506 | B10: =ROW()-2 -> 8 | C10: 고정비 | D10: 교통비 | E10: =SUMIFS('수입&예산'!$G$15:$G$27,'수입&예산'!$A$15:$A$27,C10,'수입&예산'!$B$15:$B$27,D10)*10000 -> 160000 | F10: 0 | G10: =SUM(E10:F10) -> 160000 | H10: =INDIRECT($J$1&"!J"&ROW()) -> -160740 | I10: =J10-H10 -> 84750 | J10: =SUMIFS($T$3:$T$234,$P$3:$P$234,"지출",$Q$3:$Q$234,C10,$R$3:$R$234,D10) -> -75990 | K10: =G10+J10 -> 84010 | L10: =IF(G10=0,0,-J10/G10) -> 0.4749375 | N10: 45811 | O10: 0.40115741 | P10: 지출 | Q10: 고정비 | R10: 구독형서비스 | S10: 쿠팡_와우멤버십 | T10: -7890 | U10: KRW | V10: 대한항공카드 030
A11: =$L$1 -> 202506 | B11: =ROW()-2 -> 9 | C11: 고정비 | D11: 구독형서비스 | E11: =SUMIFS('수입&예산'!$G$15:$G$27,'수입&예산'!$A$15:$A$27,C11,'수입&예산'!$B$15:$B$27,D11)*10000 -> 44000 | F11: 0 | G11: =SUM(E11:F11) -> 44000 | H11: =INDIRECT($J$1&"!J"&ROW()) -> -21790 | I11: =J11-H11 -> 0 | J11: =SUMIFS($T$3:$T$234,$P$3:$P$234,"지출",$Q$3:$Q$234,C11,$R$3:$R$234,D11) -> -21790 | K11: =G11+J11 -> 22210 | L11: =IF(G11=0,0,-J11/G11) -> 0.49522727 | N11: 45811 | O11: 0.53319444 | P11: 지출 | Q11: 생활비 | R11: 생활용품 | S11: 이케아코리아 유한회사 기흥지점 | T11: -22900 | U11: KRW | V11: KB국민 토심이 첵첵 체크카드(RF) | W11: 이케아-지퍼백&돌돌이 등
A12: =$L$1 -> 202506 | B12: =ROW()-2 -> 10 | C12: 생활비 | E12: =SUMIFS('수입&예산'!$G$15:$G$27,'수입&예산'!$A$15:$A$27,C12)*10000 -> 350000 | F12: 0 | G12: =SUM(E12:F12) -> 350000 | H12: =INDIRECT($J$1&"!J"&ROW()) -> -632190 | I12: =J12-H12 -> -92990 | J12: =SUMIFS($T$3:$T$234,$P$3:$P$234,"지출",$Q$3:$Q$234,C12) -> -725180 | K12: =G12+J12 -> -375180 | L12: =IF(G12=0,0,-J12/G12) -> 2.0719429 | N12: 45811 | O12: 0.53547454 | P12: 지출 | Q12: 생활비 | R12: 외식 | S12: 이케아기흥점(비스트로고객) | T12: -9900 | U12: KRW | V12: KB국민 토심이 첵첵 체크카드(RF) | W12: 이케아 핫도그&피자 세트
A13: =$L$1 -> 202506 | B13: =ROW()-2 -> 11 | C13: 의료/건강 | E13: =SUMIFS('수입&예산'!$G$15:$G$27,'수입&예산'!$A$15:$A$27,C13)*10000 -> 0 | F13: =-J13 -> 305300 | G13: =SUM(E13:F13) -> 305300 | H13: =INDIRECT($J$1&"!J"&ROW()) -> -30800 | I13: =J13-H13 -> -274500 | J13: =SUMIFS($T$3:$T$234,$P$3:$P$234,"지출",$Q$3:$Q$234,C13) -> -305300 | K13: =G13+J13 -> 0 | L13: =IF(G13=0,0,-J13/G13) -> 1 | N13: 45811 | O13: 0.58363426 | P13: 지출 | Q13: 기타 | R13: 의복 | S13: 롯데프리미엄아울렛기흥점 | T13: -69000 | U13: KRW | V13: 대한항공카드 030 | W13: Tiss-빈폴 반팔
A14: =$L$1 -> 202506 | B14: =ROW()-2 -> 12 | C14: 모임 | E14: =SUMIFS('수입&예산'!$G$15:$G$27,'수입&예산'!$A$15:$A$27,C14)*10000 -> 0 | F14: =-J14 -> 227500 | G14: =SUM(E14:F14) -> 227500 | H14: =INDIRECT($J$1&"!J"&ROW()) -> -356100 | I14: =J14-H14 -> 128600 | J14: =SUMIFS($T$3:$T$234,$P$3:$P$234,"지출",$Q$3:$Q$234,C14) -> -227500 | K14: =G14+J14 -> 0 | L14: =IF(G14=0,0,-J14/G14) -> 1 | N14: 45811 | O14: 0.61100694 | P14: 지출 | Q14: 기타 | R14: 의복 | S14: 롯데프리미엄아울렛기흥점 | T14: -99000 | U14: KRW | V14: 대한항공카드 030
A15: =$L$1 -> 202506 | B15: =ROW()-2 -> 13 | C15: Tiss | E15: =SUMIFS('수입&예산'!$G$15:$G$27,'수입&예산'!A15:A27,C15,'수입&예산'!$H$15:$H$27,L1)*10000 -> 0 | F15: 0 | G15: =SUM(E15:F15) -> 0 | H15: =INDIRECT($J$1&"!J"&ROW()) -> 0 | I15: =J15-H15 -> -37200 | J15: =SUMIFS($T$3:$T$234,$P$3:$P$234,"지출",$Q$3:$Q$234,C15) -> -37200 | K15: =G15+J15 -> -37200 | L15: =IF(G15=0,0,-J15/G15) -> 0 | N15: 45811 | O15: 0.65087963 | P15: 지출 | Q15: 생활비 | R15: 외식 | S15: (주)지에이코리아 | T15: -20000 | U15: KRW | V15: KB국민 토심이 첵첵 체크카드(RF) | W15: 맥주+소세지빵
A16: =$L$1 -> 202506 | B16: =ROW()-2 -> 14 | C16: JM | E16: =SUMIFS('수입&예산'!$G$15:$G$27,'수입&예산'!A16:A28,C16,'수입&예산'!$H$15:$H$27,L2)*10000 -> 0 | F16: 0 | G16: =SUM(E16:F16) -> 0 | H16: =INDIRECT($J$1&"!J"&ROW()) -> 0 | I16: =J16-H16 -> -100000 | J16: =SUMIFS($T$3:$T$234,$P$3:$P$234,"지출",$Q$3:$Q$234,C16) -> -100000 | K16: =G16+J16 -> -100000 | L16: =IF(G16=0,0,-J16/G16) -> 0 | N16: 45811 | O16: 0.73561343 | P16: 지출 | Q16: 생활비 | R16: 외식 | S16: 오거리유부김밥 | T16: -7000 | U16: KRW | V16: KB국민 토심이 첵첵 체크카드(RF)
A17: =$L$1 -> 202506 | B17: =ROW()-2 -> 15 | C17: 세금 | E17: =SUMIFS('수입&예산'!$G$15:$G$27,'수입&예산'!A16:A28,C17,'수입&예산'!$H$15:$H$27,L2)*10000 -> 0 | F17: 0 | G17: =SUM(E17:F17) -> 0 | H17: =INDIRECT($J$1&"!J"&ROW()) -> 0 | I17: =J17-H17 -> 0 | J17: =SUMIFS($T$3:$T$234,$P$3:$P$234,"지출",$Q$3:$Q$234,C17) -> 0 | K17: =G17+J17 -> 0 | L17: =IF(G17=0,0,-J17/G17) -> 0 | N17: 45812 | O17: 0.23849537 | P17: 수입 | Q17: 금융수입 | R17: 미분류 | S17: 자동 이자 | T17: 1345 | U17: KRW | V17: 토스뱅크 나눠모으기 통장
A18: =$L$1 -> 202506 | B18: =ROW()-2 -> 16 | C18: 기타 | E18: =SUMIFS('수입&예산'!$G$15:$G$27,'수입&예산'!$A$15:$A$27,C18)*10000 -> 350000 | F18: =-J18 -> 1139600 | G18: =SUM(E18:F18) -> 1489600 | H18: =INDIRECT($J$1&"!J"&ROW()) -> -361449 | I18: =J18-H18 -> -778151 | J18: =SUMIFS($T$3:$T$234,$P$3:$P$234,"지출",$Q$3:$Q$234,C18) -> -1139600 | K18: =G18+J18 -> 350000 | L18: =IF(G18=0,0,-J18/G18) -> 0.76503759 | N18: 45812 | O18: 0.89596065 | P18: 지출 | Q18: 생활비 | R18: 식비 | S18: 토스 박미선 | T18: -37000 | U18: KRW | V18: 월급/생활비 | W18: 코슷코
A19: 합계 | E19: =SUM(E3:E18) -> 2825000 | F19: =SUM(F3:F18) -> 1672400 | G19: =SUM(G3:G18) -> 4497400 | H19: =SUM(H3:H18) -> -3467652 | I19: =SUM(I3:I18) -> -1092066 | J19: =SUM(J3:J18) -> -4559718 | K19: =SUM(K3:K18) -> -62318 | L19: =IF(G19=0,0,-J19/G19) -> 1.0138565 | N19: 45813 | O19: 0.22572917 | P19: 수입 | Q19: 금융수입 | R19: 미분류 | S19: 자동 이자 | T19: 1346 | U19: KRW | V19: 토스뱅크 나눠모으기 통장
I20: 예산(기본) 기준 | K20: =E19+J19 -> -1734718 | L20: =IF(E19=0,0,-J19/E19) -> 1.6140595 | N20: 45813 | O20: 0.79380787 | P20: 지출 | Q20: 생활비 | R20: 식비 | S20: 지에스(GS)25 기흥센트럴점 | T20: -5400 | U20: KRW | V20: KB국민 토심이 첵첵 체크카드(RF) | W20: 삼각김밥+햄버거
N21: 45813 | O21: 0.81981481 | P21: 지출 | Q21: 생활비 | R21: 외식 | S21: 롯데프리미엄아울렛 기흥점(매장) | T21: -12000 | U21: KRW | V21: KB국민 토심이 첵첵 체크카드(RF)
A22: (상세) | C22: 대분류 | D22: 중분류 | E22: 소비금액 | N22: 45813 | O22: 0.83671296 | P22: 지출 | Q22: 기타 | R22: 의복 | S22: 롯데프리미엄아울렛기흥점 | T22: -368700 | U22: KRW | V22: 대한항공카드 030
C23: 생활비 | D23: 식비 | E23: =SUMIFS($T$3:$T$234,$P$3:$P$234,"지출",$Q$3:$Q$234,C23,$R$3:$R$234,D23) -> -339470 | N23: 45813 | O23: 0.84835648 | P23: 지출 | Q23: 기타 | R23: 의복 | S23: 롯데프리미엄아울렛기흥점 | T23: -69600 | U23: KRW | V23: 대한항공카드 030
C24: 생활비 | D24: 외식 | E24: =SUMIFS($T$3:$T$234,$P$3:$P$234,"지출",$Q$3:$Q$234,C24,$R$3:$R$234,D24) -> -257500 | N24: 45814 | O24: 0.15997685 | P24: 수입 | Q24: 금융수입 | R24: 미분류 | S24: 자동 이자 | T24: 1346 | U24: KRW | V24: 토스뱅크 나눠모으기 통장
C25: 생활비 | D25: 생활용품 | E25: =SUMIFS($T$3:$T$234,$P$3:$P$234,"지출",$Q$3:$Q$234,C25,$R$3:$R$234,D25) -> -128210 | N25: 45814 | O25: 0.7905787 | P25: 지출 | Q25: 생활비 | R25: 외식 | S25: 조마담칼국수 | T25: -27000 | U25: KRW | V25: 온누리상품권
C26: 생활비 | D26: 기타 | E26: =SUMIFS($T$3:$T$234,$P$3:$P$234,"지출",$Q$3:$Q$234,C26,$R$3:$R$234,D26) -> 0 | N26: 45814 | O26: 0.79938657 | P26: 지출 | Q26: 모임 | R26: 데이트 | S26: 달보드레 | T26: -2500 | U26: KRW | V26: KB국민 토심이 첵첵 체크카드(RF) | W26: 바나나빵
C27: 생활비 합계 | E27: =SUM(E21:E26) -> -725180 | N27: 45814 | O27: 0.83809028 | P27: 지출 | Q27: 생활비 | R27: 생활용품 | S27: 협동조합 참좋은수다 | T27: -10000 | U27: KRW | V27: KB국민 토심이 첵첵 체크카드(RF) | W27: JM 손수건
C28: 모임 | D28: 데이트 | E28: =SUMIFS($T$3:$T$234,$P$3:$P$234,"지출",$Q$3:$Q$234,C28,$R$3:$R$234,D28) -> -227500 | N28: 45814 | O28: 0.84863426 | P28: 지출 | Q28: 모임 | R28: 데이트 | S28: 럭희 | T28: -8000 | U28: KRW | V28: KB국민 토심이 첵첵 체크카드(RF) | W28: 기념품(만두)
C29: 모임 | D29: 가족 | E29: =SUMIFS($T$3:$T$234,$P$3:$P$234,"지출",$Q$3:$Q$234,C29,$R$3:$R$234,D29) -> 0 | N29: 45815 | O29: 0.16157407 | P29: 수입 | Q29: 금융수입 | R29: 미분류 | S29: 자동 이자 | T29: 1346 | U29: KRW | V29: 토스뱅크 나눠모으기 통장
C30: 모임 | D30: 기타 | E30: =SUMIFS($T$3:$T$234,$P$3:$P$234,"지출",$Q$3:$Q$234,C30,$R$3:$R$234,D30) -> 0 | N30: 45815 | O30: 0.95310185 | P30: 지출 | Q30: 생활비 | R30: 식비 | S30: 쿠팡_쿠페이 | T30: -34700 | U30: KRW | V30: 대한항공카드 030
C31: 모임 합계 | E31: =SUM(E28:E30) -> -227500 | N31: 45816 | O31: 0.15912037 | P31: 수입 | Q31: 금융수입 | R31: 미분류 | S31: 자동 이자 | T31: 1346 | U31: KRW | V31: 토스뱅크 나눠모으기 통장
C32: 기타 | D32: 경조사 | E32: =SUMIFS($T$3:$T$234,$P$3:$P$234,"지출",$Q$3:$Q$234,C32,$R$3:$R$234,D32) -> 0 | N32: 45816 | O32: 0.68134259 | P32: 지출 | Q32: 생활비 | R32: 외식 | S32: 쿠팡이츠 | T32: -32700 | U32: KRW | V32: 복지포인트 | W32: 탐나는피자
C33: 기타 | D33: 미용 | E33: =SUMIFS($T$3:$T$234,$P$3:$P$234,"지출",$Q$3:$Q$234,C33,$R$3:$R$234,D33) -> 0 | N33: 45817 | O33: 0.15894676 | P33: 수입 | Q33: 금융수입 | R33: 미분류 | S33: 자동 이자 | T33: 1346 | U33: KRW | V33: 토스뱅크 나눠모으기 통장
C34: 기타 | D34: 의복 | E34: =SUMIFS($T$3:$T$234,$P$3:$P$234,"지출",$Q$3:$Q$234,C34,$R$3:$R$234,D34) -> -1008600 | N34: 45817 | O34: 0.6883912 | P34: 지출 | Q34: 생활비 | R34: 외식 | S34: 쿠팡이츠 | T34: -17000 | U34: KRW | V34: 대한항공카드 030 | W34: 커피놀이터콩-팥빙수
C35: 기타 | D35: 선물 | E35: =SUMIFS($T$3:$T$234,$P$3:$P$234,"지출",$Q$3:$Q$234,C35,$R$3:$R$234,D35) -> 0 | N35: 45818 | O35: 0.19173611 | P35: 수입 | Q35: 금융수입 | R35: 미분류 | S35: 자동 이자 | T35: 1346 | U35: KRW | V35: 토스뱅크 나눠모으기 통장
C36: 기타 | D36: 교육 | E36: =SUMIFS($T$3:$T$234,$P$3:$P$234,"지출",$Q$3:$Q$234,C36,$R$3:$R$234,D36) -> -2000 | N36: 45819 | O36: 0.17972222 | P36: 수입 | Q36: 금융수입 | R36: 미분류 | S36: 자동 이자 | T36: 1346 | U36: KRW | V36: 토스뱅크 나눠모으기 통장
C37: 기타 | D37: 기타 | E37: =SUMIFS($T$3:$T$234,$P$3:$P$234,"지출",$Q$3:$Q$234,C37,$R$3:$R$234,D37) -> -129000 | N37: 45820 | O37: 0.16373843 | P37: 수입 | Q37: 금융수입 | R37: 미분류 | S37: 자동 이자 | T37: 1346 | U37: KRW | V37: 토스뱅크 나눠모으기 통장
C38: 기타 | D38: 취미/운동 | E38: =SUMIFS($T$3:$T$234,$P$3:$P$234,"지출",$Q$3:$Q$234,C38,$R$3:$R$234,D38) -> 0 | N38: 45820 | O38: 0.80857639 | P38: 이체 | Q38: 카드대금 | R38: 미분류 | S38: 현대카드대금 | T38: -1070167 | U38: KRW | V38: 월급/생활비
C39: 기타 | D39: 가전제품 | E39: =SUMIFS($T$3:$T$234,$P$3:$P$234,"지출",$Q$3:$Q$234,C39,$R$3:$R$234,D39) -> 0 | N39: 45821 | O39: 0.24091435 | P39: 수입 | Q39: 금융수입 | R39: 미분류 | S39: 자동 이자 | T39: 1346 | U39: KRW | V39: 토스뱅크 나눠모으기 통장
C40: 기타 합계 | E40: =SUM(E32:E39) -> -1139600 | N40: 45821 | O40: 0.66519676 | P40: 지출 | Q40: 생활비 | R40: 식비 | S40: 지에스수퍼 기흥역점 | T40: -10700 | U40: KRW | V40: KB국민 토심이 첵첵 체크카드(RF) | W40: 무우, 생와사비, 파, 각얼음, 두부, 애호박
C41: Tiss | D41: 택시 | E41: =SUMIFS($T$3:$T$234,$P$3:$P$234,"지출",$Q$3:$Q$234,C41,$R$3:$R$234,D41) -> 0 | N41: 45821 | O41: 0.66677083 | P41: 지출 | Q41: 생활비 | R41: 식비 | S41: 못난이꽈배기 기흥역점 | T41: -2000 | U41: KRW | V41: KB국민 토심이 첵첵 체크카드(RF) | W41: 핫도그
C42: Tiss | D42: 모임 | E42: =SUMIFS($T$3:$T$234,$P$3:$P$234,"지출",$Q$3:$Q$234,C42,$R$3:$R$234,D42) -> -30000 | N42: 45822 | O42: 0.17920139 | P42: 수입 | Q42: 금융수입 | R42: 미분류 | S42: 자동 이자 | T42: 1346 | U42: KRW | V42: 토스뱅크 나눠모으기 통장
C43: Tiss | D43: 음료 | E43: =SUMIFS($T$3:$T$234,$P$3:$P$234,"지출",$Q$3:$Q$234,C43,$R$3:$R$234,D43) -> -7200 | N43: 45822 | O43: 0.29150463 | P43: 수입 | Q43: 기타 | R43: 미분류 | S43: 네이버2921 | T43: 1 | U43: KRW | V43: 월급/생활비
C44: Tiss | D44: 기타 | E44: =SUMIFS($T$3:$T$234,$P$3:$P$234,"지출",$Q$3:$Q$234,C44,$R$3:$R$234,D44) -> 0 | N44: 45822 | O44: 0.29299769 | P44: 이체 | Q44: 이체 | R44: 미분류 | S44: 네이버페이충전 | T44: -180000 | U44: KRW | V44: 월급/생활비
C45: Tiss 합계 | E45: =SUM(E41:E44) -> -37200 | N45: 45822 | O45: 0.29300926 | P45: 지출 | Q45: 기타 | R45: 의복 | S45: 뉴발란스 공식 온라인스토어 | T45: -179100 | U45: KRW | V45: 네이버페이 간편결제(머니) | W45: Tiss-러닝화
C46: JM | D46: 택시 | E46: =SUMIFS($T$3:$T$234,$P$3:$P$234,"지출",$Q$3:$Q$234,C46,$R$3:$R$234,D46) -> 0 | N46: 45822 | O46: 0.29300926 | P46: 이체 | Q46: 이체 | R46: 미분류 | S46: 충전 내역 | T46: 180000 | U46: KRW | V46: 네이버페이 머니
C47: JM | D47: 모임 | E47: =SUMIFS($T$3:$T$234,$P$3:$P$234,"지출",$Q$3:$Q$234,C47,$R$3:$R$234,D47) -> 0 | N47: 45822 | O47: 0.33565972 | P47: 지출 | Q47: 생활비 | R47: 식비 | S47: 쿠팡_쿠페이 | T47: -26680 | U47: KRW | V47: 대한항공카드 030 | W47: 양송이, 표고, 베이컨, 가지, 다짐육, 생크림
C48: JM | D48: 음료 | E48: =SUMIFS($T$3:$T$234,$P$3:$P$234,"지출",$Q$3:$Q$234,C48,$R$3:$R$234,D48) -> 0 | N48: 45822 | O48: 0.47748843 | P48: 지출 | Q48: 생활비 | R48: 식비 | S48: NICEPAY | T48: -64800 | U48: KRW | V48: 대한항공카드 030 | W48: 현대장터-짜파게티, 리챔, 고메넛츠
C49: JM | D49: 기타 | E49: =SUMIFS($T$3:$T$234,$P$3:$P$234,"지출",$Q$3:$Q$234,C49,$R$3:$R$234,D49) -> 0 | N49: 45822 | O49: 0.57895833 | P49: 지출 | Q49: 생활비 | R49: 식비 | S49: 쿠팡_쿠페이 | T49: -19490 | U49: KRW | V49: 대한항공카드 030 | W49: 오리온 초코파이(6box)
C50: JM 합계 | E50: =SUM(E46:E49) -> 0 | N50: 45823 | O50: 0.17844907 | P50: 수입 | Q50: 금융수입 | R50: 미분류 | S50: 자동 이자 | T50: 1346 | U50: KRW | V50: 토스뱅크 나눠모으기 통장
N51: 45824 | O51: 0.17902778 | P51: 수입 | Q51: 금융수입 | R51: 미분류 | S51: 자동 이자 | T51: 1346 | U51: KRW | V51: 토스뱅크 나눠모으기 통장
A52: [보유] | C52: 자산 | H52: 전달 이월 | I52: =INDIRECT(J1&"!I53") -> 125753202 | N52: 45825 | O52: 0.17740741 | P52: 수입 | Q52: 금융수입 | R52: 미분류 | S52: 자동 이자 | T52: 1346 | U52: KRW | V52: 토스뱅크 나눠모으기 통장
C53: 항목 | D53: 상품명 | E53: 확인일 | F53: 금액 | H53: 월말 잔액 | I53: =SUM(F54:F71) -> 165077704 | N53: 45825 | O53: 0.44799769 | P53: 지출 | Q53: Tiss | R53: 음료 | S53: 에슬로우라운지 | T53: -7200 | U53: KRW | V53: 대한항공카드 030
C54: 입출금 | D54: 월급/생활비 | E54: 45717 | F54: 10140061 | H54: 차액 | I54: =I53-I52 -> 39324502 | N54: 45826 | O54: 0.17657407 | P54: 수입 | Q54: 금융수입 | R54: 미분류 | S54: 자동 이자 | T54: 1346 | U54: KRW | V54: 토스뱅크 나눠모으기 통장
D55: 토스뱅크 | E55: 45717 | F55: 36216904 | N55: 45826 | O55: 0.52043981 | P55: 지출 | Q55: Tiss | R55: 모임 | S55: 유미식당본점 | T55: -30000 | U55: KRW | V55: HYUNDAI BLUE members Family M2 Edition2(그룹사_복지사원증) | W55: Tiss점심 w.은주님
D56: 임시현금 | E56: 45717 | F56: 12000000 | N56: 45826 | O56: 0.67273148 | P56: 수입 | Q56: JM | R56: 미분류 | S56: 정운한(꼼꼼하자) | T56: 380000 | U56: KRW | V56: 월급/생활비
N57: 45826 | O57: 0.80822917 | P57: 지출 | Q57: 기타 | R57: 의복 | S57: (주)신세계인터내셔날JAJU AK기흥점 | T57: -23700 | U57: KRW | V57: KB국민 토심이 첵첵 체크카드(RF) | W57: Tiss 양말
C58: 적금 | D58: 주택청약종합 | E58: 45717 | F58: 6000000 | N58: 45826 | O58: 0.90125 | P58: 지출 | Q58: 기타 | R58: 교육 | S58: 교보문고_인터넷 | T58: -2000 | U58: KRW | V58: 대한항공카드 030 | W58: ADsP
C59: 현금 자산 | D59: 경기화폐(Tiss) | E59: 45717 | F59: 103285 | N59: 45827 | O59: 0.1478588 | P59: 수입 | Q59: 금융수입 | R59: 미분류 | S59: 자동 이자 | T59: 1346 | U59: KRW | V59: 토스뱅크 나눠모으기 통장
D60: 경기화폐(JM) | E60: 45717 | F60: 47150 | N60: 45827 | O60: 0.3712037 | P60: 지출 | Q60: 고정비 | R60: 휴대폰/인터넷 | S60: KT통신요금자동납부 | T60: -141890 | U60: KRW | V60: 대한항공카드 030
D61: 복지포인트 | E61: 45717 | F61: 20826 | N61: 45827 | O61: 0.3712037 | P61: 지출 | Q61: 고정비 | R61: 휴대폰/인터넷 | S61: KT인터넷제휴납부 | T61: -22000 | U61: KRW | V61: 대한항공카드 030
D62: 현금(JM) | E62: 45717 | F62: 7000000 | N62: 45827 | O62: 0.53049769 | P62: 수입 | Q62: JM | R62: 미분류 | S62: 정운한(꼼꼼하자) | T62: 275000 | U62: KRW | V62: 월급/생활비
D63: 온누리상품권 | E63: 45717 | F63: 606300 | N63: 45827 | O63: 0.59728009 | P63: 수입 | Q63: 기타 상여금 | R63: 미분류 | S63: 오토에버경비 | T63: 55199 | U63: KRW | V63: 월급/생활비
C64: 투자(증권) | D64: 주식(S/종합) | E64: 45689 | F64: 42145180 | N64: 45827 | O64: 0.78263889 | P64: 지출 | Q64: 생활비 | R64: 생활용품 | S64: (주)이니시스 | T64: -37710 | U64: KRW | V64: 대한항공카드 030 | W64: 제이숲 샴푸+컨디셔너
D65: 주식(S/ISA) | E65: 45689 | F65: 33583395 | N65: 45828 | O65: 0.16981481 | P65: 수입 | Q65: 금융수입 | R65: 미분류 | S65: 자동 이자 | T65: 1346 | U65: KRW | V65: 토스뱅크 나눠모으기 통장
D66: 예수금(S/종합) | E66: 45689 | F66: 649551 | N66: 45828 | O66: 0.66688657 | P66: 지출 | Q66: 의료/건강 | R66: 미분류 | S66: 서울한스마일치과의원 | T66: -5300 | U66: KRW | V66: KB국민 토심이 첵첵 체크카드(RF)
D67: 예수금(S/ISA) | E67: 45689 | F67: 100970 | N67: 45828 | O67: 0.71981481 | P67: 지출 | Q67: 생활비 | R67: 외식 | S67: 으뜸 수옛날통닭 | T67: -32000 | U67: KRW | V67: KB국민 토심이 첵첵 체크카드(RF)
D68: 카카오페이 | E68: 45717 | F68: 1073346 | N68: 45829 | O68: 0.17115741 | P68: 수입 | Q68: 금융수입 | R68: 미분류 | S68: 자동 이자 | T68: 1346 | U68: KRW | V68: 토스뱅크 나눠모으기 통장
C69: 투자(코인) | D69: 코인(업비트) | E69: 45717 | F69: =3866452+2847005 -> 6713457 | N69: 45829 | O69: 0.40506944 | P69: 지출 | Q69: 생활비 | R69: 식비 | S69: 나만의냉장고스마트로 | T69: -6300 | U69: KRW | V69: 대한항공카드 030 | W69: GS25 비빔밥
D70: 현금(업비트) | E70: 45717 | F70: 8677279 | N70: 45829 | O70: 0.64578704 | P70: 수입 | Q70: 기타 | R70: 미분류 | S70: 네이버5017 | T70: 1 | U70: KRW | V70: 월급/생활비
N71: 45829 | O71: 0.65207176 | P71: 지출 | Q71: 생활비 | R71: 식비 | S71: 쿠팡_쿠페이 | T71: -19140 | U71: KRW | V71: 대한항공카드 030 | W71: 감자수제비, 미소된장, 다짐육
A72: [수입] | N72: 45830 | O72: 0.16939815 | P72: 수입 | Q72: 금융수입 | R72: 미분류 | S72: 자동 이자 | T72: 1347 | U72: KRW | V72: 토스뱅크 나눠모으기 통장
A73: 대상월 | B73: SN | C73: 대분류 | E73: 예정 | F73: 전월 수입 | G73: 전월 차액 | H73: 수입 | I73: 수입-예정 | N73: 45830 | O73: 0.48990741 | P73: 지출 | Q73: 모임 | R73: 데이트 | S73: 토스페이_여기어때 | T73: -43000 | U73: KRW | V73: 대한항공카드 030 | W73: 대전 숙소
A74: =$L$1 -> 202506 | B74: 1 | C74: 월급 | E74: =SUMIFS('수입&예산'!$C$4:$C$11,'수입&예산'!$A$4:$A$11,C74,'수입&예산'!$D$4:$D$11,"M")*10000+SUMIFS('수입&예산'!$C$4:$C$11,'수입&예산'!$A$4:$A$11,C74,'수입&예산'!$D$4:$D$11,"Y",'수입&예산'!$E$4:$E$11,$L$1)*10000 -> 5543000 | F74: =INDIRECT($J$1&"!H"&ROW()) -> 6157428 | G74: =H74-F74 -> 38605 | H74: =SUMIFS($T$3:$T$234,$P$3:$P$234,"수입",$Q$3:$Q$234,C74) -> 6196033 | I74: =H74-E74 -> 653033 | N74: 45830 | O74: 0.49886574 | P74: 지출 | Q74: 모임 | R74: 데이트 | S74: 카카오T시외버스_이즐 | T74: -25800 | U74: KRW | V74: 대한항공카드 030 | W74: 대전
A75: =$L$1 -> 202506 | B75: =B74+1 -> 2 | C75: 기타 상여금 | E75: =SUMIFS('수입&예산'!$C$4:$C$11,'수입&예산'!$A$4:$A$11,C75,'수입&예산'!$D$4:$D$11,"M")*10000+SUMIFS('수입&예산'!$C$4:$C$11,'수입&예산'!$A$4:$A$11,C75,'수입&예산'!$D$4:$D$11,"Y",'수입&예산'!$E$4:$E$11,$L$1)*10000 -> 55199 | F75: =INDIRECT($J$1&"!H"&ROW()) -> 55199 | G75: =H75-F75 -> 0 | H75: =SUMIFS($T$3:$T$234,$P$3:$P$234,"수입",$Q$3:$Q$234,C75) -> 55199 | I75: =H75-E75 -> 0 | N75: 45830 | O75: 0.50380787 | P75: 지출 | Q75: 모임 | R75: 데이트 | S75: 버스타고_APP_네이버페이 | T75: -25800 | U75: KRW | V75: 네이버페이 간편결제 | W75: 대전
A76: =$L$1 -> 202506 | B76: =B75+1 -> 3 | C76: 보험금 | E76: =SUMIFS('수입&예산'!$C$4:$C$11,'수입&예산'!$A$4:$A$11,C76,'수입&예산'!$D$4:$D$11,"M")*10000+SUMIFS('수입&예산'!$C$4:$C$11,'수입&예산'!$A$4:$A$11,C76,'수입&예산'!$D$4:$D$11,"Y",'수입&예산'!$E$4:$E$11,$L$1)*10000 -> 0 | F76: =INDIRECT($J$1&"!H"&ROW()) -> 0 | G76: =H76-F76 -> 0 | H76: =SUMIFS($T$3:$T$234,$P$3:$P$234,"수입",$Q$3:$Q$234,C76) -> 0 | I76: =H76-E76 -> 0 | N76: 45830 | O76: 0.67586806 | P76: 지출 | Q76: JM | R76: 교통 | S76: 티머니 | T76: -100000 | U76: KRW | V76: 월급/생활비 | W76: JM 교통카드 충전
A77: =$L$1 -> 202506 | B77: =B76+1 -> 4 | C77: 금융수입 | E77: =SUMIFS('수입&예산'!$C$4:$C$11,'수입&예산'!$A$4:$A$11,C77,'수입&예산'!$D$4:$D$11,"M")*10000+SUMIFS('수입&예산'!$C$4:$C$11,'수입&예산'!$A$4:$A$11,C77,'수입&예산'!$D$4:$D$11,"Y",'수입&예산'!$E$4:$E$11,$L$1)*10000 -> 0 | F77: =INDIRECT($J$1&"!H"&ROW()) -> 44137 | G77: =H77-F77 -> -3752 | H77: =SUMIFS($T$3:$T$234,$P$3:$P$234,"수입",$Q$3:$Q$234,C77) -> 40385 | I77: =H77-E77 -> 40385 | N77: 45830 | O77: 0.73798611 | P77: 지출 | Q77: 모임 | R77: 데이트 | S77: 티머니 개인택시_0 | T77: -7800 | U77: KRW | V77: KB국민 토심이 첵첵 체크카드(RF)
A78: =$L$1 -> 202506 | B78: =B77+1 -> 5 | C78: 기타 | E78: =SUMIFS('수입&예산'!$C$4:$C$11,'수입&예산'!$A$4:$A$11,C78,'수입&예산'!$D$4:$D$11,"M")*10000+SUMIFS('수입&예산'!$C$4:$C$11,'수입&예산'!$A$4:$A$11,C78,'수입&예산'!$D$4:$D$11,"Y",'수입&예산'!$E$4:$E$11,$L$1)*10000 -> 0 | F78: =INDIRECT($J$1&"!H"&ROW()) -> 3 | G78: =H78-F78 -> 2 | H78: =SUMIFS($T$3:$T$234,$P$3:$P$234,"수입",$Q$3:$Q$234,C78) -> 5 | I78: =H78-E78 -> 5 | N78: 45830 | O78: 0.75883102 | P78: 지출 | Q78: 모임 | R78: 데이트 | S78: 스모프치킨 | T78: -25000 | U78: KRW | V78: 온누리상품권
A79: =$L$1 -> 202506 | B79: =B78+1 -> 6 | C79: JM | E79: =SUMIFS('수입&예산'!$C$4:$C$11,'수입&예산'!$A$4:$A$11,C79,'수입&예산'!$D$4:$D$11,"M")*10000+SUMIFS('수입&예산'!$C$4:$C$11,'수입&예산'!$A$4:$A$11,C79,'수입&예산'!$D$4:$D$11,"Y",'수입&예산'!$E$4:$E$11,$L$1)*10000 -> 0 | F79: =INDIRECT($J$1&"!H"&ROW()) -> 1645000 | G79: =H79-F79 -> -815000 | H79: =SUMIFS($T$3:$T$234,$P$3:$P$234,"수입",$Q$3:$Q$234,C79) -> 830000 | I79: =H79-E79 -> 830000 | N79: 45830 | O79: 0.76341435 | P79: 지출 | Q79: 모임 | R79: 데이트 | S79: 토스 김은주 | T79: -1000 | U79: KRW | V79: 월급/생활비 | W79: 식혜
A80: 합계 | E80: =SUM(E74:E79) -> 5598199 | F80: =SUM(F74:F79) -> 7901767 | G80: =SUM(G74:G79) -> -780145 | H80: =SUM(H74:H79) -> 7121622 | I80: =SUM(I74:I79) -> 1523423 | N80: 45830 | O80: 0.76449074 | P80: 지출 | Q80: 모임 | R80: 데이트 | S80: 토스 황인희 | T80: -1000 | U80: KRW | V80: 월급/생활비 | W80: 치즈볼
N81: 45830 | O81: 0.76959491 | P81: 지출 | Q81: 모임 | R81: 데이트 | S81: 토스 윤미애 | T81: -15400 | U81: KRW | V81: 월급/생활비 | W81: 대전-떡볶이, 튀김, 전
N82: 45830 | O82: 0.7703588 | P82: 지출 | Q82: 모임 | R82: 데이트 | S82: 토스 김은주 | T82: -6000 | U82: KRW | V82: 월급/생활비 | W82: 식혜
N83: 45830 | O83: 0.78075231 | P83: 지출 | Q83: 모임 | R83: 데이트 | S83: U24 | T83: -4000 | U83: KRW | V83: 온누리상품권 | W83: 대전-소주(2ea)
N84: 45831 | O84: 0.16637731 | P84: 수입 | Q84: 금융수입 | R84: 미분류 | S84: 자동 이자 | T84: 1347 | U84: KRW | V84: 토스뱅크 나눠모으기 통장
N85: 45831 | O85: 0.44481481 | P85: 지출 | Q85: 생활비 | R85: 식비 | S85: 성심당 | T85: -15000 | U85: KRW | V85: 온누리상품권
N86: 45831 | O86: 0.45175926 | P86: 지출 | Q86: 생활비 | R86: 식비 | S86: 성심당 | T86: -23800 | U86: KRW | V86: 온누리상품권
N87: 45831 | O87: 0.46127315 | P87: 지출 | Q87: 모임 | R87: 데이트 | S87: 티머니 개인택시_0 | T87: -8300 | U87: KRW | V87: KB국민 토심이 첵첵 체크카드(RF)
N88: 45831 | O88: 0.53710648 | P88: 지출 | Q88: 모임 | R88: 데이트 | S88: 카카오T일반택시_법인_3 | T88: -8700 | U88: KRW | V88: 대한항공카드 030
N89: 45831 | O89: 0.54162037 | P89: 지출 | Q89: 생활비 | R89: 생활용품 | S89: (주)영풍문고 | T89: -25700 | U89: KRW | V89: KB국민 토심이 첵첵 체크카드(RF) | W89: 버터-쟁반, 칫솔거치대,
N90: 45831 | O90: 0.56706019 | P90: 지출 | Q90: 모임 | R90: 데이트 | S90: (주)티제이4 | T90: -27000 | U90: KRW | V90: KB국민 토심이 첵첵 체크카드(RF)
N91: 45831 | O91: 0.60391204 | P91: 지출 | Q91: 모임 | R91: 데이트 | S91: 비알코리아(주)던킨도너츠대전터미널서관 | T91: -10400 | U91: KRW | V91: KB국민 토심이 첵첵 체크카드(RF)
N92: 45831 | O92: 0.63851852 | P92: 수입 | Q92: 기타 | R92: 미분류 | S92: 네이버3497 | T92: 1 | U92: KRW | V92: 월급/생활비
N93: 45831 | O93: 0.83751157 | P93: 지출 | Q93: 고정비 | R93: 보험/연금 | S93: 삼성화06023 | T93: -14232 | U93: KRW | V93: 월급/생활비
N94: 45832 | O94: 0.16498843 | P94: 수입 | Q94: 금융수입 | R94: 미분류 | S94: 자동 이자 | T94: 1347 | U94: KRW | V94: 토스뱅크 나눠모으기 통장
N95: 45832 | O95: 0.56530093 | P95: 지출 | Q95: 고정비 | R95: 아파트관리비 | S95: 아파트관리비 | T95: -241360 | U95: KRW | V95: 대한항공카드 030
N96: 45833 | O96: 0.16420139 | P96: 수입 | Q96: 금융수입 | R96: 미분류 | S96: 자동 이자 | T96: 1347 | U96: KRW | V96: 토스뱅크 나눠모으기 통장
N97: 45833 | O97: 0.25363426 | P97: 수입 | Q97: 월급 | R97: 미분류 | S97: 급여현대오토에버 | T97: 6196033 | U97: KRW | V97: 월급/생활비
N98: 45833 | O98: 0.27712963 | P98: 지출 | Q98: 생활비 | R98: 식비 | S98: 쿠팡_쿠페이 | T98: -27020 | U98: KRW | V98: 대한항공카드 030
N99: 45833 | O99: 0.40010417 | P99: 수입 | Q99: JM | R99: 미분류 | S99: 정운한(꼼꼼하자) | T99: 100000 | U99: KRW | V99: 월급/생활비
N100: 45833 | O100: 0.40771991 | P100: 지출 | Q100: 고정비 | R100: 기흥모임 | S100: 모임(기흥) | T100: -130000 | U100: KRW | V100: 월급/생활비
...

Sheet 202507
A1: [지출] | I1: 전월 | J1: 202506 | K1: 당월 | L1: 202507 | N1: [소비 총계] | O1: =SUMIF(P3:P234,"지출",T3:T234) -> -8361925
A2: 대상월 | B2: SN | C2: 대분류 | D2: 중분류 | E2: 예산(기본) | F2: 예산(추가) | G2: 예산(합계) | H2: 전월 소비 | I2: 전월 차액 | J2: 소비 | K2: 예산-소비 | L2: 사용율 | N2: 날짜 | O2: 시간 | P2: 타입 | Q2: 대분류 | R2: 중분류 | S2: 내용 | T2: 금액 | U2: 화폐 | V2: 결제수단 | W2: 메모 | X2: 대상 | Y2: 과소비
A3: =$L$1 -> 202507 | B3: =ROW()-2 -> 1 | C3: 대출상환 | D3: 디딤돌 | E3: =SUMIFS('수입&예산'!$C$15:$C$34,'수입&예산'!$A$15:$A$34,C3,'수입&예산'!$B$15:$B$34,D3)*10000 -> 900000 | F3: 0 | G3: =SUM(E3:F3) -> 900000 | H3: =INDIRECT($J$1&"!J"&ROW()) -> -890043 | I3: =J3-H3 -> 11954 | J3: =VLOOKUP(A3,대출!$B$4:$G$363,3,FALSE)*-1 -> -878089 | K3: =G3+J3 -> 21911 | L3: =IF(G3=0,0,-J3/G3) -> 0.97565444 | N3: 45839 | O3: 0.16489583 | P3: 수입 | Q3: 금융수입 | R3: 미분류 | S3: 자동 이자 | T3: 1347 | U3: KRW | V3: 토스뱅크 나눠모으기 통장
A4: =$L$1 -> 202507 | B4: =ROW()-2 -> 2 | C4: 고정비 | D4: 용돈 | E4: =SUMIFS('수입&예산'!$G$15:$G$27,'수입&예산'!$A$15:$A$27,C4,'수입&예산'!$B$15:$B$27,D4)*10000 -> 100000 | F4: 0 | G4: =SUM(E4:F4) -> 100000 | H4: =INDIRECT($J$1&"!J"&ROW()) -> -100000 | I4: =J4-H4 -> 0 | J4: =SUMIFS($T$3:$T$234,$P$3:$P$234,"지출",$Q$3:$Q$234,C4,$R$3:$R$234,D4) -> -100000 | K4: =G4+J4 -> 0 | L4: =IF(G4=0,0,-J4/G4) -> 1 | N4: 45839 | O4: 0.84380787 | P4: 지출 | Q4: 생활비 | R4: 식비 | S4: 쿠팡_쿠페이 | T4: -18780 | U4: KRW | V4: 대한항공카드 030 | W4: 쿠팡-육개장 사발면(24ea)
A5: =$L$1 -> 202507 | B5: =ROW()-2 -> 3 | C5: 고정비 | D5: 휴대폰/인터넷 | E5: =SUMIFS('수입&예산'!$G$15:$G$27,'수입&예산'!$A$15:$A$27,C5,'수입&예산'!$B$15:$B$27,D5)*10000 -> 44000 | F5: 0 | G5: =SUM(E5:F5) -> 44000 | H5: =INDIRECT($J$1&"!J"&ROW()) -> -163890 | I5: =J5-H5 -> 100200 | J5: =SUMIFS($T$3:$T$234,$P$3:$P$234,"지출",$Q$3:$Q$234,C5,$R$3:$R$234,D5) -> -63690 | K5: =G5+J5 -> -19690 | L5: =IF(G5=0,0,-J5/G5) -> 1.4475 | N5: 45840 | O5: 0.16611111 | P5: 수입 | Q5: 금융수입 | R5: 미분류 | S5: 자동 이자 | T5: 1347 | U5: KRW | V5: 토스뱅크 나눠모으기 통장
A6: =$L$1 -> 202507 | B6: =ROW()-2 -> 4 | C6: 고정비 | D6: 아파트관리비 | E6: =SUMIFS('수입&예산'!$G$15:$G$27,'수입&예산'!$A$15:$A$27,C6,'수입&예산'!$B$15:$B$27,D6)*10000 -> 330000 | F6: 0 | G6: =SUM(E6:F6) -> 330000 | H6: =INDIRECT($J$1&"!J"&ROW()) -> -241360 | I6: =J6-H6 -> -15470 | J6: =SUMIFS($T$3:$T$234,$P$3:$P$234,"지출",$Q$3:$Q$234,C6,$R$3:$R$234,D6) -> -256830 | K6: =G6+J6 -> 73170 | L6: =IF(G6=0,0,-J6/G6) -> 0.77827273 | N6: 45841 | O6: 0.16627315 | P6: 수입 | Q6: 금융수입 | R6: 미분류 | S6: 자동 이자 | T6: 1347 | U6: KRW | V6: 토스뱅크 나눠모으기 통장
A7: =$L$1 -> 202507 | B7: =ROW()-2 -> 5 | C7: 고정비 | D7: 기흥모임 | E7: =SUMIFS('수입&예산'!$G$15:$G$27,'수입&예산'!$A$15:$A$27,C7,'수입&예산'!$B$15:$B$27,D7)*10000 -> 130000 | F7: 0 | G7: =SUM(E7:F7) -> 130000 | H7: =INDIRECT($J$1&"!J"&ROW()) -> -130000 | I7: =J7-H7 -> 0 | J7: =SUMIFS($T$3:$T$234,$P$3:$P$234,"지출",$Q$3:$Q$234,C7,$R$3:$R$234,D7) -> -130000 | K7: =G7+J7 -> 0 | L7: =IF(G7=0,0,-J7/G7) -> 1 | N7: 45841 | O7: 0.40195602 | P7: 지출 | Q7: 고정비 | R7: 구독형서비스 | S7: 쿠팡_와우멤버십 | T7: -7890 | U7: KRW | V7: 대한항공카드 030
A8: =$L$1 -> 202507 | B8: =ROW()-2 -> 6 | C8: 고정비 | D8: 부모님 | E8: =SUMIFS('수입&예산'!$G$15:$G$27,'수입&예산'!$A$15:$A$27,C8,'수입&예산'!$B$15:$B$27,D8)*10000 -> 171000 | F8: 0 | G8: =SUM(E8:F8) -> 171000 | H8: =INDIRECT($J$1&"!J"&ROW()) -> -100000 | I8: =J8-H8 -> 0 | J8: =SUMIFS($T$3:$T$234,$P$3:$P$234,"지출",$Q$3:$Q$234,C8,$R$3:$R$234,D8) -> -100000 | K8: =G8+J8 -> 71000 | L8: =IF(G8=0,0,-J8/G8) -> 0.58479532 | N8: 45841 | O8: 0.57298611 | P8: 수입 | Q8: 기타 | R8: 미분류 | S8: 네이버2570 | T8: 1 | U8: KRW | V8: 월급/생활비
A9: =$L$1 -> 202507 | B9: =ROW()-2 -> 7 | C9: 고정비 | D9: 보험/연금 | E9: =SUMIFS('수입&예산'!$G$15:$G$27,'수입&예산'!$A$15:$A$27,C9,'수입&예산'!$B$15:$B$27,D9)*10000 -> 246000 | F9: 0 | G9: =SUM(E9:F9) -> 246000 | H9: =INDIRECT($J$1&"!J"&ROW()) -> -301865 | I9: =J9-H9 -> 0 | J9: =SUMIFS($T$3:$T$234,$P$3:$P$234,"지출",$Q$3:$Q$234,C9,$R$3:$R$234,D9) -> -301865 | K9: =G9+J9 -> -55865 | L9: =IF(G9=0,0,-J9/G9) -> 1.2270935 | N9: 45841 | O9: 0.57496528 | P9: 지출 | Q9: 생활비 | R9: 식비 | S9: 현대서산농장 | T9: -5029 | U9: KRW | V9: 네이버페이 간편결제(머니) | W9: 감자(5kg)
A10: =$L$1 -> 202507 | B10: =ROW()-2 -> 8 | C10: 고정비 | D10: 교통비 | E10: =SUMIFS('수입&예산'!$G$15:$G$27,'수입&예산'!$A$15:$A$27,C10,'수입&예산'!$B$15:$B$27,D10)*10000 -> 160000 | F10: 0 | G10: =SUM(E10:F10) -> 160000 | H10: =INDIRECT($J$1&"!J"&ROW()) -> -75990 | I10: =J10-H10 -> -29640 | J10: =SUMIFS($T$3:$T$234,$P$3:$P$234,"지출",$Q$3:$Q$234,C10,$R$3:$R$234,D10) -> -105630 | K10: =G10+J10 -> 54370 | L10: =IF(G10=0,0,-J10/G10) -> 0.6601875 | N10: 45841 | O10: 0.57496528 | P10: 지출 | Q10: 생활비 | R10: 식비 | S10: 현대서산농장 | T10: -7271 | U10: KRW | V10: 네이버페이 간편결제(포인트) | W10: 감자(5kg)
A11: =$L$1 -> 202507 | B11: =ROW()-2 -> 9 | C11: 고정비 | D11: 구독형서비스 | E11: =SUMIFS('수입&예산'!$G$15:$G$27,'수입&예산'!$A$15:$A$27,C11,'수입&예산'!$B$15:$B$27,D11)*10000 -> 44000 | F11: 0 | G11: =SUM(E11:F11) -> 44000 | H11: =INDIRECT($J$1&"!J"&ROW()) -> -21790 | I11: =J11-H11 -> 0 | J11: =SUMIFS($T$3:$T$234,$P$3:$P$234,"지출",$Q$3:$Q$234,C11,$R$3:$R$234,D11) -> -21790 | K11: =G11+J11 -> 22210 | L11: =IF(G11=0,0,-J11/G11) -> 0.49522727 | N11: 45841 | O11: 0.57909722 | P11: 지출 | Q11: 기타 | R11: 선물 | S11: 현대서산농장 | T11: -12300 | U11: KRW | V11: 네이버페이 간편결제(머니) | W11: 미선-감자(5kg)
A12: =$L$1 -> 202507 | B12: =ROW()-2 -> 10 | C12: 생활비 | E12: =SUMIFS('수입&예산'!$G$15:$G$27,'수입&예산'!$A$15:$A$27,C12)*10000 -> 350000 | F12: 0 | G12: =SUM(E12:F12) -> 350000 | H12: =INDIRECT($J$1&"!J"&ROW()) -> -725180 | I12: =J12-H12 -> -1378101 | J12: =SUMIFS($T$3:$T$234,$P$3:$P$234,"지출",$Q$3:$Q$234,C12) -> -2103281 | K12: =G12+J12 -> -1753281 | L12: =IF(G12=0,0,-J12/G12) -> 6.0093743 | N12: 45841 | O12: 0.63849537 | P12: 지출 | Q12: 생활비 | R12: 외식 | S12: 영동족발 양재본점 | T12: -45000 | U12: KRW | V12: KB국민 토심이 첵첵 체크카드(RF)
A13: =$L$1 -> 202507 | B13: =ROW()-2 -> 11 | C13: 의료/건강 | E13: =SUMIFS('수입&예산'!$G$15:$G$27,'수입&예산'!$A$15:$A$27,C13)*10000 -> 0 | F13: =-J13 -> 218900 | G13: =SUM(E13:F13) -> 218900 | H13: =INDIRECT($J$1&"!J"&ROW()) -> -305300 | I13: =J13-H13 -> 86400 | J13: =SUMIFS($T$3:$T$234,$P$3:$P$234,"지출",$Q$3:$Q$234,C13) -> -218900 | K13: =G13+J13 -> 0 | L13: =IF(G13=0,0,-J13/G13) -> 1 | N13: 45841 | O13: 0.69027778 | P13: 수입 | Q13: 기타 | R13: 미분류 | S13: 차액 | T13: 4000 | U13: KRW | V13: 온누리상품권
A14: =$L$1 -> 202507 | B14: =ROW()-2 -> 12 | C14: 모임 | E14: =SUMIFS('수입&예산'!$G$15:$G$27,'수입&예산'!$A$15:$A$27,C14)*10000 -> 0 | F14: =-J14 -> 0 | G14: =SUM(E14:F14) -> 0 | H14: =INDIRECT($J$1&"!J"&ROW()) -> -227500 | I14: =J14-H14 -> 227500 | J14: =SUMIFS($T$3:$T$234,$P$3:$P$234,"지출",$Q$3:$Q$234,C14) -> 0 | K14: =G14+J14 -> 0 | L14: =IF(G14=0,0,-J14/G14) -> 0 | N14: 45841 | O14: 0.8627662 | P14: 이체 | Q14: 미분류 | R14: 미분류 | S14: 박중현 | T14: 7000000 | U14: KRW | V14: 토스뱅크 통장
A15: =$L$1 -> 202507 | B15: =ROW()-2 -> 13 | C15: Tiss | E15: =SUMIFS('수입&예산'!$G$15:$G$27,'수입&예산'!A15:A27,C15,'수입&예산'!$H$15:$H$27,L1)*10000 -> 0 | F15: 0 | G15: =SUM(E15:F15) -> 0 | H15: =INDIRECT($J$1&"!J"&ROW()) -> -37200 | I15: =J15-H15 -> -186400 | J15: =SUMIFS($T$3:$T$234,$P$3:$P$234,"지출",$Q$3:$Q$234,C15) -> -223600 | K15: =G15+J15 -> -223600 | L15: =IF(G15=0,0,-J15/G15) -> 0 | N15: 45841 | O15: 0.8627662 | P15: 이체 | Q15: 미분류 | R15: 미분류 | S15: 박중현 | T15: -7000000 | U15: KRW | V15: 월급/생활비
A16: =$L$1 -> 202507 | B16: =ROW()-2 -> 14 | C16: JM | E16: =SUMIFS('수입&예산'!$G$15:$G$27,'수입&예산'!A16:A28,C16,'수입&예산'!$H$15:$H$27,L2)*10000 -> 0 | F16: 0 | G16: =SUM(E16:F16) -> 0 | H16: =INDIRECT($J$1&"!J"&ROW()) -> -100000 | I16: =J16-H16 -> 100000 | J16: =SUMIFS($T$3:$T$234,$P$3:$P$234,"지출",$Q$3:$Q$234,C16) -> 0 | K16: =G16+J16 -> 0 | L16: =IF(G16=0,0,-J16/G16) -> 0 | N16: 45841 | O16: 0.86300926 | P16: 이체 | Q16: 미분류 | R16: 미분류 | S16: 비상금통장 | T16: -7000000 | U16: KRW | V16: 토스뱅크 통장
A17: =$L$1 -> 202507 | B17: =ROW()-2 -> 15 | C17: 세금 | E17: =SUMIFS('수입&예산'!$G$15:$G$27,'수입&예산'!A16:A28,C17,'수입&예산'!$H$15:$H$27,L2)*10000 -> 0 | F17: 0 | G17: =SUM(E17:F17) -> 0 | H17: =INDIRECT($J$1&"!J"&ROW()) -> 0 | I17: =J17-H17 -> -314550 | J17: =SUMIFS($T$3:$T$234,$P$3:$P$234,"지출",$Q$3:$Q$234,C17) -> -314550 | K17: =G17+J17 -> -314550 | L17: =IF(G17=0,0,-J17/G17) -> 0 | N17: 45841 | O17: 0.86300926 | P17: 이체 | Q17: 미분류 | R17: 미분류 | S17: 채우기 | T17: 7000000 | U17: KRW | V17: 토스뱅크 나눠모으기 통장
